id,lat,lng,Kadmium,Chrom,Měď,Rtut,Nikl,Olovo,Zinek,DDT,p,p'DDT,o,p'DDT,hexachlorbenzen,Oktylfenol,Nonylfenol,Bisfenol A,Benzen,Chlorbenzen,dichlorbenzen
1165,50.4769775831,13.1117095830,0.00677,0.0374,0.05,0.00114,,0.0371,4.14,0.00104,,,,,,,0.0558,,,"Kadmium,Rtut,Olovo,DDT,Benzen"
JPPBt005,49.3350672667,15.7288977852,0.0017,0.0278,0.96,0.00105,,0.0284,6.16,0.00035,,,,,,,0.0525,,,"Rtut,Olovo,Zinek,Benzen"
4114_S,50.3198110383,13.3513486498,0.005,0.0096,0.64,0.00115,,0.0476,7.39,0.00033,,,,,,,0.0498,,,"Kadmium,Rtut,Olovo,Zinek,Benzen"
3481,50.7002316897,13.5336830487,0.00878,0.0622,1.81,0.00012,,0.0019,7.63,0.00085,,,,,,,0.0572,,,"Kadmium,Chrom,Měď,Zinek,Benzen"
3953,49.0861822163,16.3180839424,0.00136,0.0453,0.57,0.00176,,0.0434,8.07,0.00115,,,,,,,0.0029,,,"Rtut,Olovo,Zinek,DDT"
3458,50.2171267494,12.3340554134,0.00084,0.0057,1.12,0.00131,,0.0337,7.37,0.00061,,,,,,,0.0138,,,"Měď,Rtut,Olovo,Zinek"
1529,50.2861489671,12.5508239737,0.00833,0.063,1.49,0.00157,,0.0184,9.12,0.00081,,,,,,,0.0196,,,"Kadmium,Chrom,Měď,Rtut,Zinek"
1194,48.8502590202,16.4837840444,0.00533,0.0309,0.61,0.00114,,0.0035,7.3,0.00057,,,,,,,0.0167,,,"Kadmium,Rtut,Zinek"
1190,50.6843415892,13.6187615717,0.00182,0.0572,0.17,9.0E-5,,0.0189,6.64,0.00017,,,,,,,0.037,,,"Chrom,Zinek"
ZPTFr002,49.2733507186,17.6748093850,0.00722,0.0648,0.23,0.00079,,0.0192,4.23,0.00114,,,,,,,0.0174,,,"Kadmium,Chrom,DDT"
5015,49.6958739195,18.0651659110,0.00052,0.0313,0,0.00084,,0.0112,4.07,0.00133,,,,,,,0.0606,,,"DDT,Benzen"
1120,50.2052911998,12.5142776396,0.00716,0.0972,0.66,0.00158,,0.0351,6.15,0.002,,,,,,,0.0708,,,"Kadmium,Chrom,Rtut,Olovo,Zinek,DDT,Benzen"
1098,50.1076134766,12.3979317202,0.00186,0.0083,1.87,0.00113,,0.0374,0.19,5.0E-5,,,,,,,0.0376,,,"Měď,Rtut,Olovo"
3463,50.7841280265,13.9009602722,0.00667,0.0142,1.73,0.0001,,0.0282,4.32,0.00054,,,,,,,0.0494,,,"Kadmium,Měď,Olovo,Benzen"
3786,49.6608347834,18.6924189533,0.00745,0.027,0.07,0.00194,,0.0339,7.04,0.00146,,,,,,,0.0314,,,"Kadmium,Rtut,Olovo,Zinek,DDT"
5324,49.6544695987,18.3238069857,0.00675,0.0055,0.36,0.00075,,0.0336,1.77,0.00052,,,,,,,0.0686,,,"Kadmium,Olovo,Benzen"
1161,49.8194922316,18.2186175613,0.00261,0.0193,0.84,1.0E-5,,0.0106,4.49,0.00096,,,,,,,0.0704,,,"Benzen"
SPTBs002,49.5188540542,16.7177934480,0.00591,0.0342,1.87,0.00031,,0.0387,2,0.00155,,,,,,,0.0415,,,"Kadmium,Měď,Olovo,DDT,Benzen"
ZPPLP018,49.0769436760,17.7187269235,0.0047,0.081,0.97,0.00029,,0.0257,2.13,0.00108,,,,,,,0.015,,,"Chrom,Olovo,DDT"
5566,50.1270600856,17.3812279280,0.00269,0.0721,1.13,0.00188,,0.0449,8.26,0.0016,,,,,,,0.0127,,,"Chrom,Měď,Rtut,Olovo,Zinek,DDT"
3970,50.0998186859,12.2455672552,0.00018,0.0219,0.33,0.00046,,0.0334,6.46,0.00022,,,,,,,0.0208,,,"Olovo,Zinek"
1268,50.6198540094,13.3608708140,0.00989,0.0042,0.83,0.00153,,0.0121,1.88,0.00056,,,,,,,0.0571,,,"Kadmium,Rtut,Benzen"
DPPMn005,48.7627976656,16.2525309446,0.00999,0.0767,1.72,0.00102,,0.0491,4.01,0.0014,,,,,,,0.0199,,,"Kadmium,Chrom,Měď,Rtut,Olovo,DDT"
5215,49.8231278754,17.6256750943,0.00121,0.0265,0.37,3.0E-5,,0.0045,9.87,0.00035,,,,,,,0.0087,,,"Zinek"
5589,50.2198549563,17.2109361528,0.00205,0.0346,0.68,0.00175,,0.0496,4.53,0.00026,,,,,,,0.0785,,,"Rtut,Olovo,Benzen"
3567,50.3048308820,17.3339589296,0.00495,0.055,1.49,0.00148,,0.0369,0.22,0.0009,,,,,,,0.059,,,"Chrom,Měď,Rtut,Olovo,Benzen"
1143,49.9787503276,17.8654388299,0.0079,0.0312,0.5,0.00154,,0.0357,9.5,3.0E-5,,,,,,,0.0668,,,"Kadmium,Rtut,Olovo,Zinek,Benzen"
3478,50.9333072682,14.5666166894,0.00214,0.0207,1.71,0.00061,,0.0097,0.32,0.00083,,,,,,,0.0319,,,"Měď"
ZPPOk003,48.9944544453,17.4035141050,0.00379,0.0757,0.54,0.00074,,0.0104,4.07,0.0007,,,,,,,0.0564,,,"Chrom,Benzen"
XPPTu011,49.6529694689,17.2752800331,0.00958,0.0093,0.88,0.00139,,0.0057,8.95,0.00086,,,,,,,0.0724,,,"Kadmium,Rtut,Zinek,Benzen"
3802,49.8334074464,18.5335445278,0.00207,0.0682,1.35,0.00184,,0.0316,6.93,0.00151,,,,,,,0.0677,,,"Chrom,Měď,Rtut,Olovo,Zinek,DDT,Benzen"
0487_S,50.1169647047,12.4657176433,0.00901,0.0609,0.3,0.00018,,0.0321,5.66,0.00099,,,,,,,0.0016,,,"Kadmium,Chrom,Olovo,Zinek"
1110,50.6526694059,14.6297735839,0.00323,0.0767,0.78,0.00106,,0.0087,7.43,0.00047,,,,,,,0.0105,,,"Chrom,Rtut,Zinek"
1135,49.3009240683,17.4030190312,0.00836,0.0679,1.66,0.00191,,0.0287,2.6,0.00171,,,,,,,0.0625,,,"Kadmium,Chrom,Měď,Rtut,Olovo,DDT,Benzen"
YPPMA024,49.2117941088,17.5071796408,0.00942,0.0529,1.4,0.00115,,0.011,4.56,0.00084,,,,,,,0.0097,,,"Kadmium,Chrom,Měď,Rtut"
1488,50.5889027196,13.8465609031,0.00065,0.0569,0.43,0.00142,,0.0067,7.1,0.00146,,,,,,,0.0366,,,"Chrom,Rtut,Zinek,DDT"
ZPPOv016,49.0360095285,17.7979065975,0.00477,0.0119,1.98,0.00131,,0.0431,2.26,0.00157,,,,,,,0.0558,,,"Měď,Rtut,Olovo,DDT,Benzen"
10155,50.6164123324,13.7761492311,0.00905,0.0612,1.3,0.00096,,0.0436,5.02,0.00052,,,,,,,0.0651,,,"Kadmium,Chrom,Měď,Olovo,Zinek,Benzen"
SPTVi018,49.6709976758,16.2057795302,0.0003,0.096,0.77,0.0005,,0.0208,8.05,0.00075,,,,,,,0.0384,,,"Chrom,Zinek"
1188,50.6802421215,13.5906323431,0.00373,0.059,0.37,0.00102,,0.015,9.15,0.00194,,,,,,,0.0622,,,"Chrom,Rtut,Zinek,DDT,Benzen"
3670,49.4167061410,17.3344745317,0.00033,0.0957,0.86,0.00179,,0.0091,2.12,0.00118,,,,,,,0.0069,,,"Chrom,Rtut,DDT"
1171,49.5025999941,17.9046525870,0.00824,0.0239,1.13,0.00139,,0.0371,8.25,0.00102,,,,,,,0.0617,,,"Kadmium,Měď,Rtut,Olovo,Zinek,DDT,Benzen"
DPPZe018,48.9806948978,15.5905002438,0.00784,0.0896,0.04,0.0004,,0.035,3.96,0.00136,,,,,,,0.0058,,,"Kadmium,Chrom,Olovo,DDT"
KPTKo001,49.1167785839,17.1940014020,0.00987,0.0867,1.16,0.00057,,0.0391,5.49,0.00012,,,,,,,0.0653,,,"Kadmium,Chrom,Měď,Olovo,Zinek,Benzen"
1193,48.7442849256,16.3826426538,0.00505,0.0491,1.42,0.00138,,0.0352,3.03,0.00155,,,,,,,0.0421,,,"Kadmium,Měď,Rtut,Olovo,DDT,Benzen"
YPPRu023,49.3508783994,17.6089309993,0.00542,0.034,0.44,0.00056,,0.0082,7.32,0.0001,,,,,,,0.0759,,,"Kadmium,Zinek,Benzen"
15393,51.0349752339,14.4501122580,0.00627,0.0076,0.29,0.00065,,0.0236,8.28,0.0008,,,,,,,0.0367,,,"Kadmium,Zinek"
SPPLi011,49.1295329724,16.8510344129,0.00694,0.0982,1.49,0.00095,,0.0265,8.07,0.00058,,,,,,,0.0027,,,"Kadmium,Chrom,Měď,Olovo,Zinek"
XPPTe023,49.7138054865,16.7616734652,0.00297,0.0002,1.45,0,,0.0153,4.97,0.00105,,,,,,,0.0678,,,"Měď,DDT,Benzen"
XPPGr018,49.6723517482,17.2693995524,0.00838,0.075,0.26,0,,0.024,1.84,0.0019,,,,,,,0.0085,,,"Kadmium,Chrom,DDT"
JPTHu001,49.4046048358,15.4737258590,0.0026,0.0097,0.87,0.00147,,0.0463,8.33,0.00038,,,,,,,0.0496,,,"Rtut,Olovo,Zinek,Benzen"
DPTLa001,49.0316843706,15.2494979451,0.00814,0.0938,0.19,0.00069,,0.0372,3.87,0.00076,,,,,,,0.0033,,,"Kadmium,Chrom,Olovo"
SPPBP001,49.7113806517,16.2480655202,0.00389,0.0101,0.08,0.00139,,0.0299,5.7,0.00108,,,,,,,0.0348,,,"Rtut,Olovo,Zinek,DDT"
1186,49.4054669479,15.6363153269,0.00319,0.0672,0.87,0.0016,,0.0428,3.87,0.00182,,,,,,,0.0093,,,"Chrom,Rtut,Olovo,DDT"
4121_S,50.6835279855,14.6503182952,0.00485,0.034,1.7,0.00082,,0.0086,0.42,5.0E-5,,,,,,,0.079,,,"Měď,Benzen"
YPPMt010,49.4233507783,17.4979850002,0.00981,0.0125,0.66,0.00145,,0.0256,7.1,0.00153,,,,,,,0.0721,,,"Kadmium,Rtut,Olovo,Zinek,DDT,Benzen"
1107,50.3632008929,13.8431823136,0.00811,0.0809,1.19,0.00082,,0.0189,1.37,0.00169,,,,,,,0.0557,,,"Kadmium,Chrom,Měď,DDT,Benzen"
5109,50.0200884784,17.7757137326,0.0081,0.0281,0.99,0.00133,,0.0334,4.02,0.00157,,,,,,,0.0122,,,"Kadmium,Rtut,Olovo,DDT"
BPTKa001,49.3341270623,18.2562203596,0.00743,0.0633,1.13,0.00183,,0.0338,5.94,0.00181,,,,,,,0.0525,,,"Kadmium,Chrom,Měď,Rtut,Olovo,Zinek,DDT,Benzen"
3951,49.4258764109,17.3181887726,0.00719,0.0233,0.76,0.00046,,0.0472,1.46,0.00026,,,,,,,0.0604,,,"Kadmium,Olovo,Benzen"
KPPDy003,48.8042941801,16.8551892675,0.00955,0.0727,0.32,0.00066,,0.0432,0.07,5.0E-5,,,,,,,0.0539,,,"Kadmium,Chrom,Olovo,Benzen"
5112,49.9545205717,17.8882226041,0.00289,0.0525,0.68,0.00192,,0.0464,1.22,0.00022,,,,,,,0.0536,,,"Chrom,Rtut,Olovo,Benzen"
3581,49.9568234557,17.4920526340,0.00755,0.0675,1.17,0.00086,,0.0134,4.87,0.00017,,,,,,,0.079,,,"Kadmium,Chrom,Měď,Benzen"
1199,50.8474541676,14.5303810294,0.00721,0.0466,0.43,0.00133,,0.0306,3.48,0.00084,,,,,,,0.0454,,,"Kadmium,Rtut,Olovo,Benzen"
3615,49.7290714853,18.5052327185,0.00074,0.0581,1.8,0.00188,,0.0294,9.28,0.00122,,,,,,,0.0702,,,"Chrom,Měď,Rtut,Olovo,Zinek,DDT,Benzen"
1308,50.2775704460,12.1447867982,0.00453,0.0952,1.67,0.00076,,0.0036,9.46,9.0E-5,,,,,,,0.0663,,,"Chrom,Měď,Zinek,Benzen"
1154,49.8314315011,18.2988598074,0.00621,0.0635,0.51,0.00178,,0.0061,3.44,0.00175,,,,,,,0.0674,,,"Kadmium,Chrom,Rtut,DDT,Benzen"
YPPBu021,49.4107076672,17.6178599088,0.00811,0.0092,1.01,0.00085,,0.022,9.25,0.00198,,,,,,,0.0411,,,"Kadmium,Měď,Zinek,DDT,Benzen"
3686,49.4011074678,16.3656349934,0.00506,0.0889,0.9,0.00018,,0.0409,0.64,0.00195,,,,,,,0.0216,,,"Kadmium,Chrom,Olovo,DDT"
1141,50.0854660712,17.6839957957,0.00015,0.0807,1.3,0.00017,,0.0376,6.99,0.00184,,,,,,,0.0298,,,"Chrom,Měď,Olovo,Zinek,DDT"
1380,50.3966562378,13.2464566729,0.00333,0.0174,0.52,0.00091,,0.026,1.36,0.00059,,,,,,,0.0264,,,"Olovo"
1039,50.1926456925,12.7479843975,0.00228,0.0805,1.51,0.00134,,0.0365,7.43,0.00036,,,,,,,0.0188,,,"Chrom,Měď,Rtut,Olovo,Zinek"
1142,50.1648731960,13.0124187480,0.00632,0.0635,0.66,0.0009,,0.035,3.01,0.00144,,,,,,,0.0572,,,"Kadmium,Chrom,Olovo,DDT,Benzen"
1146,49.8327804409,18.2207386771,0.00107,0.0368,1.61,0.00172,,0.0033,7.19,0.00046,,,,,,,0.0321,,,"Měď,Rtut,Zinek"
1172,50.4952392207,13.3040278911,0.00894,0.0493,1.72,0.00082,,0.0315,1.54,0.00149,,,,,,,0.0687,,,"Kadmium,Měď,Olovo,DDT,Benzen"
1122,50.6062689160,13.8945861876,0.0096,0.0495,1.05,0.00138,,0.0119,7.1,0.00185,,,,,,,0.0697,,,"Kadmium,Měď,Rtut,Zinek,DDT,Benzen"
SPTBs001,49.4936635110,16.6990406667,0.00344,0.0253,0.64,8.0E-5,,0.0277,0.38,0.00152,,,,,,,0.0529,,,"Olovo,DDT,Benzen"
5568,50.0645495561,17.4773454602,0.00407,0.056,1.04,0.00095,,0.0139,7.54,0.00175,,,,,,,0.0137,,,"Chrom,Měď,Zinek,DDT"
1158,50.4532342541,13.1331560053,0.00246,0.0732,1.17,0.00176,,0.0444,3.26,0.00147,,,,,,,0.0677,,,"Chrom,Měď,Rtut,Olovo,DDT,Benzen"
DPTNr001,49.1508479907,15.5482736055,0.00821,0.0262,1.07,0.00011,,0.0486,4.59,0.00186,,,,,,,0.0252,,,"Kadmium,Měď,Olovo,DDT"
3764,48.8181559966,16.8339698272,0.00713,0.0249,0.72,0.00053,,0.0144,1.16,0.00186,,,,,,,0.0556,,,"Kadmium,DDT,Benzen"
5309,49.4744461341,18.4276920268,0.00676,0.0449,0.34,0.00191,,0.0101,0.44,0.00025,,,,,,,0.0359,,,"Kadmium,Rtut"
SPPKi036,49.3053435869,16.6581582272,0.00777,0.0709,0.65,0.00133,,0.0017,0.61,0.00102,,,,,,,0.0685,,,"Kadmium,Chrom,Rtut,DDT,Benzen"
3558,49.0371948922,18.0522743046,0.00323,0.0044,1.83,0.00059,,0.0252,8.46,0.00122,,,,,,,0.0172,,,"Měď,Olovo,Zinek,DDT"
5025,49.8650506414,18.2738209033,0.00094,0.0969,0.96,0.00076,,0.0042,4.11,0.00015,,,,,,,0.0608,,,"Chrom,Benzen"
5211,49.9173123377,17.4437150583,0.0086,0.0247,1.43,0.00012,,0.0146,8.39,0.00102,,,,,,,0.0054,,,"Kadmium,Měď,Zinek,DDT"
1125,50.6836622691,14.5365456888,0.00548,0.0838,1.46,0.00117,,0.045,2.4,0.00088,,,,,,,0.0177,,,"Kadmium,Chrom,Měď,Rtut,Olovo"
1265,50.3471212648,13.5639041355,0.00284,0.0354,1.03,0.00158,,0.01,1.25,0,,,,,,,0.0236,,,"Měď,Rtut"
1105,50.3409615842,13.5867826136,0.00093,0.0487,1.36,0.00035,,0.0449,7.56,0.00188,,,,,,,0.0606,,,"Měď,Olovo,Zinek,DDT,Benzen"
1116,50.8416039695,14.3844964991,2.0E-5,0.0652,1.64,0.00059,,0.0245,3.32,0.00072,,,,,,,0.0031,,,"Chrom,Měď"
3554,49.3528808180,17.3220640135,0.0017,0.0092,1.25,0.00013,,0.0166,0.61,0.00058,,,,,,,0.0494,,,"Měď,Benzen"
XPPBr002,49.8752141220,16.7708617486,0.00416,0.0807,0.81,0.00123,,0.0467,4.1,0.00183,,,,,,,0.0021,,,"Chrom,Rtut,Olovo,DDT"
5504,50.2731742719,17.7221201792,0.00897,0.0588,0.41,0.00159,,0.0172,1.42,0.0011,,,,,,,0.0277,,,"Kadmium,Chrom,Rtut,DDT"
9729,50.6285252161,13.8632721770,0.00794,0.0371,1.28,0.00057,,0.0351,0.01,0.00065,,,,,,,0.0698,,,"Kadmium,Měď,Olovo,Benzen"
5564,49.5539080682,18.2040592054,0.00094,0.0946,1.89,0.00086,,0.0003,2.32,9.0E-5,,,,,,,0.0339,,,"Chrom,Měď"
1143,50.1468713243,12.9014437793,0.00039,0.0452,0.07,0.00195,,0.0431,9.51,0.002,,,,,,,0.0607,,,"Rtut,Olovo,Zinek,DDT,Benzen"
5517,50.0303551306,18.0793660475,0.00539,0.0202,1.11,0.00177,,0.0172,1.03,0.00045,,,,,,,0.011,,,"Kadmium,Měď,Rtut"
JPPTP002,49.3042650368,15.4839341237,0.00474,0.0869,0.85,0.00035,,0.0435,7.47,9.0E-5,,,,,,,0.0772,,,"Chrom,Olovo,Zinek,Benzen"
1483,50.8301489031,14.3575153302,0.00693,0.0991,0.78,0.0014,,0.0111,4.39,0.00024,,,,,,,0.021,,,"Kadmium,Chrom,Rtut"
1374,50.5648354405,13.5622497637,0.00891,0.0162,0.47,0.00151,,0.0056,2.32,0.00102,,,,,,,0.0521,,,"Kadmium,Rtut,DDT,Benzen"
1101,50.2392548789,12.9297424822,0.00434,0.0064,1.07,0.00156,,0.0083,7.62,0.00184,,,,,,,0.0514,,,"Měď,Rtut,Zinek,DDT,Benzen"
4014,49.2418474696,16.6718085329,0.0063,0.034,1.64,0.001,,0.0043,8.69,0.00093,,,,,,,0.0623,,,"Kadmium,Měď,Rtut,Zinek,Benzen"
1196,48.7184199594,16.9718024661,0.0086,0.0858,0.96,0.00016,,0.0148,6.01,0.00069,,,,,,,0.015,,,"Kadmium,Chrom,Zinek"
BPPSe004,49.3126037601,18.0031739557,0.00764,0.0579,1.88,0.00176,,0.0406,4.51,0.00105,,,,,,,0.0195,,,"Kadmium,Chrom,Měď,Rtut,Olovo,DDT"
JPPOs013,49.1424630849,16.2060769409,0.00515,0.006,0.04,0.00137,,0.0411,9.4,0.00065,,,,,,,0.0362,,,"Kadmium,Rtut,Olovo,Zinek"
1160,50.4570801581,13.1527029307,0.0028,0.0144,1.91,0.00073,,0.0006,4.17,0.00029,,,,,,,0.0698,,,"Měď,Benzen"
1171,50.5024125879,13.3282793404,0.00275,0.0623,1.91,0.00115,,0.0112,2.99,0.00152,,,,,,,0.0791,,,"Chrom,Měď,Rtut,DDT,Benzen"
5411,49.6833487381,18.6569087356,0.00878,0.07,1.73,0.00138,,0.0075,3.91,0.00187,,,,,,,0.0533,,,"Kadmium,Chrom,Měď,Rtut,DDT,Benzen"
1145,49.8797173563,18.1785825222,0.00452,0.0956,0.7,0.00055,,0.0448,6.74,0.00145,,,,,,,0.014,,,"Chrom,Olovo,Zinek,DDT"
5107,50.1395522940,17.6182051387,0.00818,0.0678,1.08,0.00166,,0.0047,6.86,0.00141,,,,,,,0.0297,,,"Kadmium,Chrom,Měď,Rtut,Zinek,DDT"
3742,48.9639854770,15.4652326817,0.00309,0.0656,1.89,0.00107,,0.0478,7.03,0.00104,,,,,,,0.0666,,,"Chrom,Měď,Rtut,Olovo,Zinek,DDT,Benzen"
3454,50.3647736216,13.2944556041,0.00402,0.0386,1.04,0.00111,,0.0389,4.53,0.00044,,,,,,,0.0184,,,"Měď,Rtut,Olovo"
1144,50.1643839197,12.8866514644,0.00408,0.0568,1.01,0.0006,,0.0121,2.3,0.00096,,,,,,,0.0048,,,"Chrom,Měď"
3961,49.4211063221,17.2866781550,0.00909,0.002,1.79,0,,0.0353,5.93,0.00075,,,,,,,0.0012,,,"Kadmium,Měď,Olovo,Zinek"
1163,50.4532103680,13.1340169529,0.00249,0.0317,1.1,0.0004,,0.001,0.71,7.0E-5,,,,,,,0.0338,,,"Měď"
3452,50.4296099866,12.7408548981,0.00458,0.0557,1.95,0.00047,,0.0004,1.94,0.00093,,,,,,,0.0334,,,"Chrom,Měď"
KPNNM004,48.8939937139,16.6455374179,0.00763,0.097,1.44,1.0E-5,,0.0099,1.99,0.00013,,,,,,,0.0086,,,"Kadmium,Chrom,Měď"
1058,50.6603215258,14.7281054616,0.00219,0.0957,0.22,0.00186,,0.0275,4.86,0.00189,,,,,,,0.0639,,,"Chrom,Rtut,Olovo,DDT,Benzen"
SPPLb025,49.3575076308,16.3523157836,0.00804,0.0491,0,0.00165,,0.0281,0.37,0.00049,,,,,,,0.0016,,,"Kadmium,Rtut,Olovo"
1164,50.4628327579,13.1273581353,0.00594,0.0221,0.51,0.00121,,0.0208,7.22,4.0E-5,,,,,,,0.0142,,,"Kadmium,Rtut,Zinek"
5413,49.7283545493,18.6260760370,0.00691,0.0742,0.36,0.00179,,0.0471,2.48,0.002,,,,,,,0.0128,,,"Kadmium,Chrom,Rtut,Olovo,DDT"
10151,50.1023233580,12.2553326244,0.00205,0.011,0.17,0.00151,,0.0298,0.27,0.0011,,,,,,,0.032,,,"Rtut,Olovo,DDT"
5319,49.6233493906,18.4768790588,0.00519,0.0554,0.45,0.00016,,0.0296,4.71,0.0002,,,,,,,0.0148,,,"Kadmium,Chrom,Olovo"
JPTMo004,49.4240377923,15.9868000219,0.00693,0.0358,1.58,0.00021,,0.004,8.1,0.00057,,,,,,,0.0617,,,"Kadmium,Měď,Zinek,Benzen"
SPPSi027,49.5673840716,16.5665236504,0.00551,0.047,1.32,0.00098,,0.036,6.6,0.00131,,,,,,,0.0739,,,"Kadmium,Měď,Olovo,Zinek,DDT,Benzen"
5578,49.7772594343,18.3757695982,0.00771,0.0739,1.36,0.00073,,0.0383,2.29,0.00154,,,,,,,0.0228,,,"Kadmium,Chrom,Měď,Olovo,DDT"
4120_S,50.6717697512,14.7212782985,0.00783,0.0993,0.73,0.00075,,0.0232,4.7,0.00112,,,,,,,0.0125,,,"Kadmium,Chrom,DDT"
1155,49.7187665288,18.6297433999,0.00828,0.035,0.53,0.00182,,0.008,5.52,0.00136,,,,,,,0.0569,,,"Kadmium,Rtut,Zinek,DDT,Benzen"
1077,50.5484557796,13.5926118155,0.00021,0.0341,0.4,0.00148,,0,8.57,0.00133,,,,,,,0.0618,,,"Rtut,Zinek,DDT,Benzen"
JPPRc009,49.0486117071,16.1480079389,0.00595,0.0341,0.27,0.00072,,0.0286,9.07,0.00129,,,,,,,0.0283,,,"Kadmium,Olovo,Zinek,DDT"
1126,50.7496770057,14.2335079894,0.009,0.0013,1.46,0.00073,,0.0242,2.89,0.00104,,,,,,,0.0249,,,"Kadmium,Měď,DDT"
3618,49.9034835705,18.3269073881,0.0064,0.0786,0.44,0.0016,,0.0169,8.99,0.00102,,,,,,,0.0287,,,"Kadmium,Chrom,Rtut,Zinek,DDT"
1144,49.9329364755,17.9415490011,0.0024,0.0715,0.2,0.00048,,0.0286,7.64,2.0E-5,,,,,,,0.0132,,,"Chrom,Olovo,Zinek"
YPPMB006,49.3442937000,17.3765529257,0.00105,0.0151,1.05,0.00135,,0.0029,1.73,6.0E-5,,,,,,,0.0767,,,"Měď,Rtut,Benzen"
1176,49.5521321924,16.3322655692,0.00187,0.076,0.64,0.00134,,0.0024,8.42,0.00197,,,,,,,0.0551,,,"Chrom,Rtut,Zinek,DDT,Benzen"
1161,50.4774110335,13.1486934956,0.00628,0.0202,0.98,0.00194,,0.005,10,0.00065,,,,,,,0.0273,,,"Kadmium,Rtut,Zinek"
YPPHa004,49.2808843309,17.0401853734,0.00715,0.0425,1.17,0.00057,,0.0094,5.95,0.0009,,,,,,,0.0235,,,"Kadmium,Měď,Zinek"
3607,49.7341091993,18.4462155991,0.00747,0.098,1.95,0.00161,,0.0076,0,0.00153,,,,,,,0.0272,,,"Kadmium,Chrom,Měď,Rtut,DDT"
1198,50.8570042662,14.5239136476,0.00761,0.0083,0.02,0.00162,,0.0463,9.95,0.001,,,,,,,0.0443,,,"Kadmium,Rtut,Olovo,Zinek,DDT,Benzen"
XPPOl012,49.5065376542,17.4178809096,0.00197,0.0987,1.04,0.00059,,0.0494,8.44,0.00128,,,,,,,0.0561,,,"Chrom,Měď,Olovo,Zinek,DDT,Benzen"
1209,48.9586141523,17.0942732401,0.00269,0.0222,1.98,0.00091,,0.0409,4.4,0.00151,,,,,,,0.0451,,,"Měď,Olovo,DDT,Benzen"
3468,50.2278205132,12.8365266359,0.00419,0.0722,0.73,0.00115,,0.0361,1.3,0.00183,,,,,,,0.0386,,,"Chrom,Rtut,Olovo,DDT"
1206,48.8321116238,16.1551965065,0.00213,0.0925,0.58,0.00027,,0.046,7.91,0.00139,,,,,,,0.0092,,,"Chrom,Olovo,Zinek,DDT"
BPTKa003,49.3486936437,18.2371727698,0.00777,0.0211,0.83,0.00153,,0.0027,0.54,0.00093,,,,,,,0.0259,,,"Kadmium,Rtut"
KPPKY013,48.8103228289,17.0587484478,0.00276,0.0453,1.57,0.00018,,0.0447,5.34,0.00132,,,,,,,0.0249,,,"Měď,Olovo,Zinek,DDT"
3950,48.8856950607,17.2124187101,0.00255,0.0025,1.77,0.00196,,0.0077,7.97,0.00092,,,,,,,0.0295,,,"Měď,Rtut,Zinek"
3688,49.2257546817,16.5363992658,0.00721,0.0753,1.02,0.00128,,0.0272,2.01,0.00151,,,,,,,0.0256,,,"Kadmium,Chrom,Měď,Rtut,Olovo,DDT"
BPPJu005,49.4994397412,17.8997002885,0.00412,0.0169,0.16,0.00094,,0.0111,5.5,0.00159,,,,,,,0.04,,,"Zinek,DDT,Benzen"
1141,50.1773350567,12.9219716293,2.0E-5,0.0575,1.19,0.00179,,0.0054,2.51,0.00041,,,,,,,0.0291,,,"Chrom,Měď,Rtut"
1152,49.8478527733,18.2955454959,0.00276,0.0091,0.68,0.00086,,0.0445,8.02,0.00161,,,,,,,0.0488,,,"Olovo,Zinek,DDT,Benzen"
1104,50.3689453809,13.4466778099,0.00555,0.0309,0.5,0.00019,,0.0255,0.04,0.00084,,,,,,,0.0739,,,"Kadmium,Olovo,Benzen"
1200,49.5325704731,16.5816755285,0.00173,0.0504,0.78,0.00079,,0.0026,1.84,0.0018,,,,,,,0.0044,,,"Chrom,DDT"
5301,49.4588869956,18.4590833083,0.00759,0.049,1.91,0.00174,,0.0371,1.58,0.00046,,,,,,,0.0013,,,"Kadmium,Měď,Rtut,Olovo"
3604,49.7719829713,18.2978526082,0.0025,0.0572,0.9,0.00027,,0.0187,2.5,0.0015,,,,,,,0.0743,,,"Chrom,DDT,Benzen"
1204,49.0829146093,15.9169864740,0.0056,0.0998,0.05,0.00014,,0.0001,4.46,0.00199,,,,,,,0.014,,,"Kadmium,Chrom,DDT"
1168,49.3955103269,17.2665091694,0.0095,0.0385,1.15,0,,0.0285,4.7,0.00011,,,,,,,0.0262,,,"Kadmium,Měď,Olovo"
1164,49.6554485113,17.9866881110,0.0096,0.001,0.39,0.0014,,0.0084,4.25,0.00144,,,,,,,0.0335,,,"Kadmium,Rtut,DDT"
15389,50.7542268220,14.6649817691,0.00997,0.0166,1.12,0.00074,,0.0208,3.06,0.0006,,,,,,,0.0782,,,"Kadmium,Měď,Benzen"
1167,49.7188749317,17.1640704017,0.00304,0.0326,0.09,0.00061,,0.0387,0.41,0.00096,,,,,,,0.0579,,,"Olovo,Benzen"
YPTOp002,49.3208470379,16.9053548783,0.00426,0.0054,1.46,0.002,,0.0262,7.86,0.00064,,,,,,,0.0387,,,"Měď,Rtut,Olovo,Zinek"
YPPHa009,49.2830082867,16.9955743112,0.00796,0.0518,0.37,0.00193,,0.0472,9.02,0.00077,,,,,,,0.0752,,,"Kadmium,Chrom,Rtut,Olovo,Zinek,Benzen"
3453,50.2780734058,12.9881312617,0.00068,0.0942,0.62,0.00097,,0.0123,6.09,0.00092,,,,,,,0.0441,,,"Chrom,Zinek,Benzen"
3482,50.2741310068,12.1456941694,0.00936,0.051,1.72,0.00142,,0.0276,3.38,0.00086,,,,,,,0.0782,,,"Kadmium,Chrom,Měď,Rtut,Olovo,Benzen"
1115,50.3326758170,13.5166870122,0.00393,0.0158,1.95,0.00184,,0.0472,2.96,0.0008,,,,,,,0.0592,,,"Měď,Rtut,Olovo,Benzen"
3465,50.9171959346,14.3835335670,0.00814,0.0586,1.41,0.00151,,0.0244,0.86,0.00139,,,,,,,0.0445,,,"Kadmium,Chrom,Měď,Rtut,DDT,Benzen"
4008,50.0414526605,16.9126509015,0.00027,0.0005,0.08,0.00055,,0.0307,5.05,0.00166,,,,,,,0.044,,,"Olovo,Zinek,DDT,Benzen"
BPTKa002,49.3279440947,18.2534884419,0.00014,0.0683,0.52,0.00113,,0.001,6.91,0.00109,,,,,,,0.0332,,,"Chrom,Rtut,Zinek,DDT"
1197,50.6882763915,13.5834115559,0.0085,0.0516,0.66,0.00159,,0.0406,7.34,0.00107,,,,,,,0.05,,,"Kadmium,Chrom,Rtut,Olovo,Zinek,DDT,Benzen"
1102,50.0868981483,12.2823831175,0.00319,0.0236,0.76,0.00162,,0.0161,0.76,0.00072,,,,,,,0.0281,,,"Rtut"
4109_S,50.1116339503,12.3711328057,0.00081,0.0405,1.25,0.00139,,0.0455,4.52,0.00049,,,,,,,0.074,,,"Měď,Rtut,Olovo,Benzen"
3664,49.4501596339,17.9714239073,0.00134,0.0504,0.98,0.00031,,0.0097,0.33,0.00114,,,,,,,0.0036,,,"Chrom,DDT"
1114,50.6734574182,14.5006065670,0.00549,0.0903,1.68,0.00072,,0.0318,3.71,0.00198,,,,,,,0.0765,,,"Kadmium,Chrom,Měď,Olovo,DDT,Benzen"
3485,50.3174182515,12.1006901142,0.00607,0.0367,1.53,0.00187,,0.0222,1.25,0.00056,,,,,,,0.042,,,"Kadmium,Měď,Rtut,Benzen"
JPPJi011,49.2262731709,15.8319707793,0.0053,0.0908,0.44,0.00088,,0.018,4.65,0.00073,,,,,,,0.0395,,,"Kadmium,Chrom"
BPPVB009,49.3119830062,18.0060991487,0.0097,0.0853,1.3,0.00033,,0.0443,2.21,0.00042,,,,,,,0.0348,,,"Kadmium,Chrom,Měď,Olovo"
4574_S,50.6792314977,14.0158602725,0.00124,0.0048,1.6,0.00152,,0.021,7.82,0.00144,,,,,,,0.0021,,,"Měď,Rtut,Zinek,DDT"
1460,50.6221831048,13.5870890218,0.00149,0.0479,1.92,0.00119,,0.0302,2.39,0.00023,,,,,,,0.0107,,,"Měď,Rtut,Olovo"
1558,50.3092980512,12.9371410889,0.00146,0.0336,1.15,0.00101,,0.0401,9.37,0,,,,,,,0.0617,,,"Měď,Rtut,Olovo,Zinek,Benzen"
3570,50.2729789848,17.3971318847,0.0079,0.0651,1.88,0.00135,,0.0436,1.46,0.00022,,,,,,,0.0798,,,"Kadmium,Chrom,Měď,Rtut,Olovo,Benzen"
SPPPu034,49.3494310005,16.6545925248,0.00194,0.0908,1.52,0.00123,,0.0345,4.75,0.00128,,,,,,,0.0671,,,"Chrom,Měď,Rtut,Olovo,DDT,Benzen"
4011,49.0336217556,17.6166622177,0.00954,0.0599,0.86,0.00112,,0.0419,5.48,0.00139,,,,,,,0.0787,,,"Kadmium,Chrom,Rtut,Olovo,Zinek,DDT,Benzen"
YPPHa019,49.3254201669,17.1493330364,0.00885,0.0266,0.98,0.00137,,0.0101,4.89,0.00091,,,,,,,0.0795,,,"Kadmium,Rtut,Benzen"
5557,50.3209795991,17.1720516199,0.0014,0.0393,1.34,2.0E-5,,0.027,7.81,1.0E-5,,,,,,,0.0588,,,"Měď,Olovo,Zinek,Benzen"
5012,49.6850421723,17.9904321572,0.00688,0.0767,0.7,0.00075,,0.012,9.9,0.00043,,,,,,,0.0156,,,"Kadmium,Chrom,Zinek"
1073,50.7436317075,13.8632412491,0.00588,0.0648,1.51,0.00085,,0.0097,4.45,0.00082,,,,,,,0.0063,,,"Kadmium,Chrom,Měď"
4118_S,50.6536349839,14.0037621256,0.00711,0.0899,1.53,0.00183,,0.0194,2.23,0.00182,,,,,,,0.0422,,,"Kadmium,Chrom,Měď,Rtut,DDT,Benzen"
1495,50.3703247341,13.3837960369,0.00617,0.0576,1.08,0.00031,,0.0178,5.49,0.00178,,,,,,,0.0034,,,"Kadmium,Chrom,Měď,Zinek,DDT"
YPPMt022,49.3392254310,17.4026517469,0.00316,0.0239,0.84,0.00112,,0.0114,6.37,0.00151,,,,,,,0.0654,,,"Rtut,Zinek,DDT,Benzen"
3459,50.4829869526,13.0661109647,0.00284,0.0505,0.48,0.00096,,0.0476,6.51,0.00112,,,,,,,0.0529,,,"Chrom,Olovo,Zinek,DDT,Benzen"
5423,49.9211644898,18.3755069038,0.0055,0.0325,1.15,0.00188,,0.0274,4.81,0.00093,,,,,,,0.0131,,,"Kadmium,Měď,Rtut,Olovo"
5320,49.6733595002,18.3627023380,0.00056,0.0005,0.64,0.00082,,0.0277,2.11,0.00091,,,,,,,0.0697,,,"Olovo,Benzen"
10184,50.1840679247,13.4487350515,0.0045,0.0877,0.86,0.00136,,0.0257,1.8,0.00099,,,,,,,0.0639,,,"Chrom,Rtut,Olovo,Benzen"
4116_S,50.1845472210,13.4487074142,0.00686,0.0737,0.55,0.00127,,0.0194,8.38,0.00059,,,,,,,0.0751,,,"Kadmium,Chrom,Rtut,Zinek,Benzen"
1117,50.3656238244,13.7050783171,0.00162,0.0872,1.75,0.00142,,0.0176,3.4,0.00175,,,,,,,0.0328,,,"Chrom,Měď,Rtut,DDT"
5572,49.5536229577,18.3810263839,0.00346,0.0195,1.65,0.00181,,0.0203,2.78,0.00155,,,,,,,0.0685,,,"Měď,Rtut,DDT,Benzen"
3596,50.3042519542,17.3315566446,0.00155,0.0199,1.07,0.00134,,0.019,0.29,0.00094,,,,,,,0.0051,,,"Měď,Rtut"
1487,50.4515489911,13.6872044867,0.00767,0.0747,1.4,0.00031,,0.0292,9.98,0.00018,,,,,,,0.0598,,,"Kadmium,Chrom,Měď,Olovo,Zinek,Benzen"
1110,50.1046652272,12.4836969718,0.00869,0.0969,0.92,0.00044,,0.0154,3.33,0.00127,,,,,,,0.0524,,,"Kadmium,Chrom,DDT,Benzen"
3955,48.9647027939,15.6738021153,0.00528,0.0454,1.11,0.00187,,0.0367,3.27,0.00159,,,,,,,0.0711,,,"Kadmium,Měď,Rtut,Olovo,DDT,Benzen"
5561,49.7358933290,17.6956763824,0.00526,0.0326,1.12,0.00181,,0.0178,0.26,0.00195,,,,,,,0.0097,,,"Kadmium,Měď,Rtut,DDT"
1302,50.8045642702,13.9509106599,0.00773,0.0671,0.55,0.00071,,0.0334,3.7,0.0002,,,,,,,0.043,,,"Kadmium,Chrom,Olovo,Benzen"
1197,48.8246823322,16.4675180197,0.00338,0.0562,1.52,0.0013,,0.0448,3.91,0.0006,,,,,,,0.0339,,,"Chrom,Měď,Rtut,Olovo"
1188,48.9284053461,16.5737977339,0.00846,0.0858,0.72,0.00116,,0.0092,1.49,0.00093,,,,,,,0.0569,,,"Kadmium,Chrom,Rtut,Benzen"
2814_S,50.4257762117,13.9284633359,0.00476,0.0024,1.23,0.00167,,0.0025,5.86,0.00191,,,,,,,0.0659,,,"Měď,Rtut,Zinek,DDT,Benzen"
3608,49.8320935861,18.2972218182,0.00257,0.0231,0.36,0.00185,,0.0301,2.84,0.00092,,,,,,,0.0752,,,"Rtut,Olovo,Benzen"
3643,49.8617136563,16.9141991744,0.00847,0.0221,1.18,0.00149,,0.0306,8.9,0.00033,,,,,,,0.0367,,,"Kadmium,Měď,Rtut,Olovo,Zinek"
1379,50.0883150552,12.5003971050,0.00747,0.0524,0.07,0.00187,,0.0337,5.03,0.00129,,,,,,,0.0119,,,"Kadmium,Chrom,Rtut,Olovo,Zinek,DDT"
1189,49.1112748582,16.3538764448,0.00527,0.0258,1.97,0.00116,,0.0423,9.35,0.0008,,,,,,,0.0081,,,"Kadmium,Měď,Rtut,Olovo,Zinek"
XPPOl007,49.4923689190,17.3377014031,0.00165,0.0581,0.05,0.00153,,0.0433,4.89,0.00141,,,,,,,0.057,,,"Chrom,Rtut,Olovo,DDT,Benzen"
XPPOa010,49.8145228783,17.1675363313,0.0071,0.0293,0.91,0.00064,,0.0091,6.2,0.00156,,,,,,,0.0744,,,"Kadmium,Zinek,DDT,Benzen"
1074,50.5042712411,13.4688006161,0.00144,0.0818,1.73,0.00164,,0.016,5.04,0.00194,,,,,,,0.0679,,,"Chrom,Měď,Rtut,Zinek,DDT,Benzen"
1093,50.6476317248,14.0075574377,0.00762,0.0949,0.85,0.00121,,0.0442,8.27,0.00142,,,,,,,0.0037,,,"Kadmium,Chrom,Rtut,Olovo,Zinek,DDT"
YPPBd005,49.3436966935,17.1761611875,0.00407,0.0734,1.63,0.00054,,0.0111,5.19,0.00198,,,,,,,0.0747,,,"Chrom,Měď,Zinek,DDT,Benzen"
3466,50.9663696440,14.2840760810,0.00813,0.044,0.51,0.002,,0.0029,0.36,0.00185,,,,,,,0.0163,,,"Kadmium,Rtut,DDT"
ZPPLP005,49.0388103847,17.6947635354,0.00855,0.0787,0.04,0.00035,,0.0145,9.9,4.0E-5,,,,,,,0.0041,,,"Kadmium,Chrom,Zinek"
15373,50.4254902751,13.4802342431,0.00938,0.0449,1.32,0.00164,,0.0137,3.66,0.00174,,,,,,,0.0546,,,"Kadmium,Měď,Rtut,DDT,Benzen"
3617,49.7355321602,18.1561194994,0.001,0.0681,1.92,0.00065,,0.01,9.41,0.00051,,,,,,,0.001,,,"Chrom,Měď,Zinek"
10102,50.5195249747,13.1332747130,0.0038,0.0512,0.01,0.00088,,0.0274,9.33,0.00129,,,,,,,0.0322,,,"Chrom,Olovo,Zinek,DDT"
1083,50.5099972406,13.6968381947,0.0072,0.0666,1.16,1.0E-5,,0.0328,6.01,0.00012,,,,,,,0.0474,,,"Kadmium,Chrom,Měď,Olovo,Zinek,Benzen"
ZPPDe008,49.2196846462,17.7824835257,0.00049,0.0721,0.83,0.00065,,0.0043,2.8,1.0E-5,,,,,,,0.015,,,"Chrom"
ZPTSl001,49.2687985317,17.8070155338,0.00962,0.0964,1.02,0.00032,,0.0453,7.68,0.00035,,,,,,,0.0228,,,"Kadmium,Chrom,Měď,Olovo,Zinek"
1772,50.1248780910,12.5538754286,0.00279,0.0182,1.45,0.00166,,0.0057,3.69,0.00046,,,,,,,0.0668,,,"Měď,Rtut,Benzen"
1532,50.1860767115,12.7588319324,0.00034,0.0809,1.69,0.00138,,0.0205,9.07,0.00056,,,,,,,0.0368,,,"Chrom,Měď,Rtut,Zinek"
YPPVO018,49.4545024856,17.1689485635,0.00628,0.0696,1.57,0.00143,,0.0489,7.93,0.00181,,,,,,,0.0751,,,"Kadmium,Chrom,Měď,Rtut,Olovo,Zinek,DDT,Benzen"
10245,50.6736177037,14.1687933338,0.00756,0.0414,0.19,0.00132,,0.0091,2.74,0.0019,,,,,,,0.037,,,"Kadmium,Rtut,DDT"
SPPPu026,49.3640620801,16.7115047464,0.00456,0.0671,0.58,0.00114,,0.002,5.21,0.00081,,,,,,,0.0059,,,"Chrom,Rtut,Zinek"
5311,49.5113931890,18.4557548197,0.0033,0.0252,1.53,0.00148,,0.0079,0.47,0.00039,,,,,,,0.0629,,,"Měď,Rtut,Benzen"
1530,50.1330089126,12.4646876062,0.00743,0.0984,1,0.00144,,0.0388,4.04,0.00132,,,,,,,0.0426,,,"Kadmium,Chrom,Měď,Rtut,Olovo,DDT,Benzen"
3537,50.1766999587,12.8768898381,0.00819,0.0757,0.38,0,,0.0015,1.38,0.00093,,,,,,,0.0389,,,"Kadmium,Chrom"
1134,50.3631666633,14.4653423425,0.0081,0.0754,0.11,0.0017,,0.0137,4.66,0.00185,,,,,,,0.0483,,,"Kadmium,Chrom,Rtut,DDT,Benzen"
1270,49.0174150925,17.0054664719,0.00718,0.0689,0.69,0.00176,,0.0368,5.43,0.00133,,,,,,,0.0383,,,"Kadmium,Chrom,Rtut,Olovo,Zinek,DDT"
KPPTr011,49.5304260898,17.2719927655,0.00526,0.0164,0.39,0.0006,,0.0284,8.56,0.00167,,,,,,,0.031,,,"Kadmium,Olovo,Zinek,DDT"
1134,50.7750739782,14.2127761955,0.00613,0.0027,0.78,0.00129,,0.0083,8.52,0.00026,,,,,,,0.0781,,,"Kadmium,Rtut,Zinek,Benzen"
1112,49.4232588590,15.9868546391,0.00605,0.0188,1.65,0.00176,,0.0328,7.5,0.00097,,,,,,,0.0298,,,"Kadmium,Měď,Rtut,Olovo,Zinek"
JPTMo002,50.3637618176,17.1662204796,0.00439,0.0828,0.5,0.00035,,0.0185,9.13,0.00131,,,,,,,0.0717,,,"Chrom,Zinek,DDT,Benzen"
5556,49.8698010114,17.6053998417,0.00077,0.0853,0.39,0.00129,,0.0355,0.33,6.0E-5,,,,,,,0.0257,,,"Chrom,Rtut,Olovo"
5214,49.1482269227,16.6322955197,0.0006,0.0422,1.93,0.00045,,0.0137,0.93,0.0004,,,,,,,0.0704,,,"Měď,Benzen"
1201,49.1266938170,17.7973872227,0.00282,0.0028,1.52,0.00188,,0.039,2.42,0.00062,,,,,,,0.0174,,,"Měď,Rtut,Olovo"
ZPPLP017,50.1865875805,12.4916148482,0.00069,0.056,0.78,0.00088,,0.0236,0.46,0.00067,,,,,,,0.0439,,,"Chrom,Benzen"
15377,49.7868606851,17.1311834114,0.009,0.0535,0.39,0.00122,,0.0284,2.28,0.00186,,,,,,,0.0503,,,"Kadmium,Chrom,Rtut,Olovo,DDT,Benzen"
3648,50.5053007038,14.2312749739,0.0065,0.0894,1.72,0.00185,,0.0494,0.59,0.00161,,,,,,,0.0215,,,"Kadmium,Chrom,Měď,Rtut,Olovo,DDT"
1275,50.4077523513,14.4426362182,0.00088,0.0561,0.41,0.00174,,0.0402,5.17,0.00016,,,,,,,0.0699,,,"Chrom,Rtut,Olovo,Zinek,Benzen"
1271,49.6523772593,16.2251995756,0.00076,0.0476,0.62,0.0011,,0.0261,6.49,0.00019,,,,,,,0.0337,,,"Rtut,Olovo,Zinek"
SPTVi014,49.5774991629,18.7627452810,0.00183,0.0292,0.05,0.00151,,0.026,9.59,0.00076,,,,,,,0.0136,,,"Rtut,Olovo,Zinek"
5409,50.6536004886,14.0030841048,0.00853,0.0236,0.18,0.00168,,0.0147,8.96,0.00021,,,,,,,0.0306,,,"Kadmium,Rtut,Zinek"
1096,49.1219579886,17.7283874580,0.00456,0.0315,0.5,0.00052,,0.0416,3.34,0.00026,,,,,,,0.0727,,,"Olovo,Benzen"
ZPTLu001,49.9209173202,18.3287010055,0.00811,0.0444,0.91,0.00067,,0.0046,5.55,0.00151,,,,,,,0.0221,,,"Kadmium,Zinek,DDT"
1163,50.4765917702,13.1454703251,0.00848,0.0785,0.05,0.00073,,0.0372,4.08,0.00108,,,,,,,0.0477,,,"Kadmium,Chrom,Olovo,DDT,Benzen"
1149,50.4884491656,13.7067977350,0.00644,0.0631,0.87,0.00188,,0.0263,5.44,0.00064,,,,,,,0.0786,,,"Kadmium,Chrom,Rtut,Olovo,Zinek,Benzen"
2817_S,50.3631825377,14.4644876651,0.0086,0.0572,0.48,0.00139,,0.0454,3.73,0.0012,,,,,,,0.0574,,,"Kadmium,Chrom,Rtut,Olovo,DDT,Benzen"
4571_S,48.8113770582,15.9803095036,0.00818,0.0057,0.1,0.00183,,0.0306,8.06,0.00037,,,,,,,0.0368,,,"Kadmium,Rtut,Olovo,Zinek"
DPTZn002,49.7741979340,18.5202335557,0.00591,0.0216,1.66,0.00067,,0.0312,3.66,0.00187,,,,,,,0.0214,,,"Kadmium,Měď,Olovo,DDT"
5418,49.3443078261,15.7438561050,0.00998,0.0367,0.41,0.00105,,0.0456,5.29,0.00101,,,,,,,0.0617,,,"Kadmium,Rtut,Olovo,Zinek,DDT,Benzen"
JPPJi012,50.7058085525,14.8119016859,0.00101,0.0747,0.93,1.0E-5,,0.006,0.63,0.00145,,,,,,,0.0751,,,"Chrom,DDT,Benzen"
1055,49.4683304178,18.1744157888,0.0012,0.0775,1.7,0.00147,,0.029,0.36,0.00038,,,,,,,0.0137,,,"Chrom,Měď,Rtut,Olovo"
BPPRb007,49.2178738447,17.7816704474,0.00252,0.002,1.01,0.00176,,0.0193,4.38,0.00028,,,,,,,0.0307,,,"Měď,Rtut"
ZPPLt011,50.3452221448,12.7098116240,0.00805,0.035,1.82,0.00143,,0.044,4.13,0.00097,,,,,,,0.0785,,,"Kadmium,Měď,Rtut,Olovo,Benzen"
1574,49.1327766495,17.5025077531,0.0016,0.095,1.98,0.00056,,0.0006,7.13,0.00043,,,,,,,0.0106,,,"Chrom,Měď,Zinek"
1137,50.6931676117,14.7543819290,0.00487,0.0066,1.74,0.00013,,0.0051,0.58,0.00048,,,,,,,0.0284,,,"Měď"
3500,49.5828003047,18.1951718415,0.00078,0.0747,0.46,0.00093,,0.0092,3.75,0.0017,,,,,,,0.0792,,,"Chrom,DDT,Benzen"
5037,49.8614358900,18.3646654223,0.00726,0.0755,1.41,0.00121,,0.0084,1.92,0.00117,,,,,,,0.0262,,,"Kadmium,Chrom,Měď,Rtut,DDT"
5553,50.3053938494,12.1270578887,0.00142,0.0573,1.22,0.00031,,0.0142,8.27,0.00057,,,,,,,0.0618,,,"Chrom,Měď,Zinek,Benzen"
3484,50.0203850865,17.3073175921,0.00893,0.0154,1.69,0.002,,0.0106,0.8,0.0007,,,,,,,0.0232,,,"Kadmium,Měď,Rtut"
5548,50.2990100491,17.7437929473,0.00827,0.0581,1.51,2.0E-5,,0.0478,6.02,0,,,,,,,0.0545,,,"Kadmium,Chrom,Měď,Olovo,Zinek,Benzen"
5581,50.1620712526,17.1987061528,0.00357,0.0706,0.57,0.00105,,0.0449,8.72,0.00171,,,,,,,0.0031,,,"Chrom,Rtut,Olovo,Zinek,DDT"
5506,49.6738839935,16.4778004726,0.00445,0.0462,0.39,0.00146,,0.0144,4.83,0.00101,,,,,,,0.0144,,,"Rtut,DDT"
SPPSi008,49.7886479707,18.4143871577,0.00637,0.0344,0.35,0.0017,,0.0212,5.26,0.00027,,,,,,,0.0201,,,"Kadmium,Rtut,Zinek"
5333,48.7268080735,16.8834520710,0.00107,0.0894,0.52,0.00012,,0.0248,2.63,0.00149,,,,,,,0.0683,,,"Chrom,DDT,Benzen"
0402,50.6128818084,13.8871412551,0.00969,0.0031,0.76,0.00174,,0.0452,2.31,0.00181,,,,,,,0.0278,,,"Kadmium,Rtut,Olovo,DDT"
1124,49.3306166713,17.5281030002,0.00693,0.0099,0.15,0.00197,,0.0291,5.81,0.00032,,,,,,,0.0175,,,"Kadmium,Rtut,Olovo,Zinek"
YPPRu012,50.3204549389,13.3507693915,0.00925,0.0338,0.13,0.0007,,0.0433,2.07,0.0012,,,,,,,0.0778,,,"Kadmium,Olovo,DDT,Benzen"
1472,50.2343085394,12.8479007469,0.001,0.0864,0.07,0.00119,,0.0063,7.82,0.0009,,,,,,,0.0076,,,"Chrom,Rtut,Zinek"
1112,49.1300839724,16.8415453979,0.00813,0.0828,1.93,0.00144,,0.0029,8.67,0.00012,,,,,,,0.0602,,,"Kadmium,Chrom,Měď,Rtut,Zinek,Benzen"
SPPRk012,49.1370267926,17.7346053926,0.00967,0.0142,1.47,0.0011,,0.0362,8.96,0.00154,,,,,,,0.0519,,,"Kadmium,Měď,Rtut,Olovo,Zinek,DDT,Benzen"
ZPTLu002,49.8251896932,17.1149761100,0.00233,0.0837,2,0.00019,,0.0021,5.98,0.00014,,,,,,,0.0115,,,"Chrom,Měď,Zinek"
XPPOB024,49.5928375081,16.2495016786,0.00462,0.0106,1.48,0.00118,,0.0444,1.9,0.00137,,,,,,,0.0561,,,"Měď,Rtut,Olovo,DDT,Benzen"
SPTVi003,50.5885674505,13.8150092129,0.00017,0.0645,0.83,0.00015,,0.0256,4.82,0.00166,,,,,,,0.0382,,,"Chrom,Olovo,DDT"
1089,50.5016030100,13.3051126874,0.00625,0.0563,0.05,0.0007,,0.0229,7.95,0.002,,,,,,,0.0554,,,"Kadmium,Chrom,Zinek,DDT,Benzen"
1173,49.0866260991,16.3799831612,0.00631,0.0995,1.58,0.00135,,0.0297,8.62,0.00164,,,,,,,0.0043,,,"Kadmium,Chrom,Měď,Rtut,Olovo,Zinek,DDT"
1190,48.9040365923,15.6920435157,0.00968,0.056,1.29,0.00172,,0.0375,3.27,0.00111,,,,,,,0.0615,,,"Kadmium,Chrom,Měď,Rtut,Olovo,DDT,Benzen"
1205,48.9508396286,16.6195261973,0.00972,0.0975,1.69,0.00096,,0.0228,6.74,0.00192,,,,,,,0.0065,,,"Kadmium,Chrom,Měď,Zinek,DDT"
1181,50.3048461593,12.9716573865,0.00237,0.0987,0.86,0.00139,,0.0391,4.27,0.00078,,,,,,,0.0329,,,"Chrom,Rtut,Olovo"
1114,50.4812029237,13.4194121031,0.00422,0.0179,0.17,2.0E-5,,0.002,9.07,0.00013,,,,,,,0.0006,,,"Zinek"
1283,49.9314439262,18.3527261080,0.00467,0.0713,1.73,0.00043,,0.0019,4.22,0.00197,,,,,,,0.0008,,,"Chrom,Měď,DDT"
5034,49.9233882116,18.3407790190,0.00396,0.083,0.99,0.00171,,0.0252,4.53,0.00187,,,,,,,0.0593,,,"Chrom,Rtut,Olovo,DDT,Benzen"
5033,49.1415421537,15.4449823263,0.00439,0.0364,0.87,0.00044,,0.0396,8.27,0.00126,,,,,,,0.017,,,"Olovo,Zinek,DDT"
DPPMy001,49.7405347968,18.2929876404,5.0E-5,0.0719,0.45,9.0E-5,,0.0313,2.97,0.00011,,,,,,,0.0073,,,"Chrom,Olovo"
3801,50.6584157596,14.0424474946,9.0E-5,0.092,0.62,9.0E-5,,0.017,2.93,0.00011,,,,,,,0.059,,,"Chrom,Benzen"
1123,49.9031008878,18.5088556664,0.00123,0.0552,1.18,0.00126,,0.0002,5.25,0.00074,,,,,,,0.0355,,,"Chrom,Měď,Rtut,Zinek"
5539,49.6391996717,16.2250429600,0.0089,0.0807,1.33,0.00136,,0.0316,2.95,0.00179,,,,,,,0.0511,,,"Kadmium,Chrom,Měď,Rtut,Olovo,DDT,Benzen"
SPPFs018,49.8677238313,18.2775971699,0.00013,0.0121,1.37,0.00128,,0.0209,7.39,0.00146,,,,,,,0.0343,,,"Měď,Rtut,Zinek,DDT"
3620,49.2094136526,17.5194699552,0.00659,0.0038,0.95,0.002,,0.0166,5.36,0.00148,,,,,,,0.0364,,,"Kadmium,Rtut,Zinek,DDT"
1174,49.7829064523,16.9549830097,0.00088,0.0328,0.16,0.00018,,0.0427,4.52,0.00108,,,,,,,0.0594,,,"Olovo,DDT,Benzen"
XPPMi003,50.4076995023,14.0707047723,0.00258,0.0201,0.85,0.00179,,0.0249,3.17,0.00106,,,,,,,0.0409,,,"Rtut,DDT,Benzen"
1108,50.6960863105,14.7986192368,0.00439,0.0213,0.3,0.00172,,0.0477,8.8,0.00057,,,,,,,0.0489,,,"Rtut,Olovo,Zinek,Benzen"
1057,50.5028937832,13.3283639287,0.00919,0.0763,1.22,0.0005,,0.015,3.49,0.00142,,,,,,,0.031,,,"Kadmium,Chrom,Měď,DDT"
1167,49.6628054234,18.3057490470,0.00677,0.079,0.96,0.00106,,0.0121,0.2,0.00054,,,,,,,0.04,,,"Kadmium,Chrom,Rtut,Benzen"
5326,50.3470274876,12.4866230043,0.00222,0.0695,0.78,0.00144,,0.0005,9.21,0.00046,,,,,,,0.036,,,"Chrom,Rtut,Zinek"
3464,49.0198724130,15.2464195859,0.00134,0.0379,0.61,0.00017,,0.0129,5.95,0.0014,,,,,,,0.0142,,,"Zinek,DDT"
DPTLa002,49.6989029409,18.4651872888,0.00358,0.0311,0.86,0.00132,,0.033,1.36,9.0E-5,,,,,,,0.0269,,,"Rtut,Olovo"
3623,50.3531285589,13.4210655183,0.00927,0.0528,1.74,0.00033,,0.0274,1.37,0.00134,,,,,,,0.0616,,,"Kadmium,Chrom,Měď,Olovo,DDT,Benzen"
1465,49.2097449513,15.9931127571,0.00833,0.006,0.98,0.00169,,0.0491,7.19,0.00059,,,,,,,0.0092,,,"Kadmium,Rtut,Olovo,Zinek"
1202,49.7357864840,18.1663350034,0.00098,0.0603,0.4,0.00071,,0.0099,9.03,0.00107,,,,,,,0.0444,,,"Chrom,Zinek,DDT,Benzen"
1165,48.9176319272,16.8533126066,0.00213,0.0966,0.42,0.00175,,0.0051,2.58,0.00042,,,,,,,0.0023,,,"Chrom,Rtut"
3763,50.2281400661,12.8455912448,0.00786,0.0075,0.39,0.00066,,0.0106,8.67,0.0002,,,,,,,0.0036,,,"Kadmium,Zinek"
1100,49.5152222167,18.4150773605,0.00927,0.0592,1.78,0.00182,,0.0155,1.84,4.0E-5,,,,,,,0.0327,,,"Kadmium,Chrom,Měď,Rtut"
3602,49.1041165658,18.0280284481,0.00788,0.0226,1.54,0.00198,,0.0064,3.02,0.00108,,,,,,,0.0274,,,"Kadmium,Měď,Rtut,DDT"
VPPBu003,49.2779719002,16.4417501187,0.00268,0.0754,0.43,0.00074,,0.0005,4.24,0.0008,,,,,,,0.0638,,,"Chrom,Benzen"
SPPSv014,49.8740074732,17.6000339927,0.00499,0.0596,0.26,0.00143,,0.0231,2.34,0.00152,,,,,,,0.0311,,,"Chrom,Rtut,DDT"
1147,50.6782438224,13.9387037226,0.00826,0.0647,0.59,0.00027,,0.0416,3.21,0.00109,,,,,,,0.0496,,,"Kadmium,Chrom,Olovo,DDT,Benzen"
15387,49.1802682527,16.3881885184,0.00548,0.0313,1.21,0.00135,,0.0308,1.46,3.0E-5,,,,,,,0.0707,,,"Kadmium,Měď,Rtut,Olovo,Benzen"
SPPBv024,50.7102906616,14.8624966687,0.00901,0.0233,0.51,0.00183,,0.0329,6.53,0.00142,,,,,,,0.0125,,,"Kadmium,Rtut,Olovo,Zinek,DDT"
3498,49.3921513370,16.0136419078,0.00249,0.0841,1.74,0.00143,,0.0037,6.26,0.0002,,,,,,,0.0721,,,"Chrom,Měď,Rtut,Zinek,Benzen"
JPTMo001,50.5444637335,13.6175397828,0.00272,0.0398,0.07,0.0002,,0.036,5.84,0.00145,,,,,,,0.0213,,,"Olovo,Zinek,DDT"
1080,49.3449714535,16.6501758410,0.00897,0.0328,1.89,0.00102,,0.0238,9.62,0.00079,,,,,,,0.03,,,"Kadmium,Měď,Rtut,Zinek"
SPPSi035,50.8884826495,14.6512253828,0.00195,0.0649,0.57,0.00171,,0.0151,9.98,1.0E-5,,,,,,,0.0441,,,"Chrom,Rtut,Zinek,Benzen"
1306,49.4688309877,17.0413878296,0.00839,0.0878,0.52,0.00183,,0.0252,3.64,0.00163,,,,,,,0.0621,,,"Kadmium,Chrom,Rtut,Olovo,DDT,Benzen"
YPNHL025,50.5499390576,13.2169670943,0.00763,0.0852,1.76,0.00096,,0.0217,6.03,0.0015,,,,,,,0.0265,,,"Kadmium,Chrom,Měď,Zinek,DDT"
3457,50.7538057587,14.6652567425,0.00932,0.0692,1.69,0.00081,,0.0327,2.37,0.00157,,,,,,,0.0679,,,"Kadmium,Chrom,Měď,Olovo,DDT,Benzen"
15388,50.3750291620,12.9894204883,0.00887,0.007,1.4,0.00037,,0.0034,7.11,0.00148,,,,,,,0.0726,,,"Kadmium,Měď,Zinek,DDT,Benzen"
1524,48.6874533147,16.9906009025,0.00588,0.0002,1.64,0.00018,,0.0183,6.34,0.00174,,,,,,,0.0103,,,"Kadmium,Měď,Zinek,DDT"
0401,50.7263072177,13.7089468037,0.00485,0.0747,1.22,0.00184,,0.0175,3.6,0.0005,,,,,,,0.0225,,,"Chrom,Měď,Rtut"
3462,49.9067134441,18.4807959394,0.00051,0.0093,1.38,0.00141,,0.0165,4.7,0.00111,,,,,,,0.0174,,,"Měď,Rtut,DDT"
5526,49.7562675895,16.9774534286,0.00541,0.0254,0.81,0.00122,,0.0483,1.45,0.00103,,,,,,,0.0442,,,"Kadmium,Rtut,Olovo,DDT,Benzen"
1132,49.4571712062,16.3378052211,0.00148,0.0336,1.29,0.00103,,0.0485,5.11,0.00129,,,,,,,0.0364,,,"Měď,Rtut,Olovo,Zinek,DDT"
SPPNe005,50.1996819333,12.8663697094,0.00257,0.0256,0.75,0.00121,,0.0308,6.27,0.00178,,,,,,,0.0534,,,"Rtut,Olovo,Zinek,DDT,Benzen"
1136,49.9237019538,17.4523284722,0.0072,0.0576,0.74,0.0001,,0.0023,9.26,0.00053,,,,,,,0.047,,,"Kadmium,Chrom,Zinek,Benzen"
5203,49.3033176621,17.4788104236,0.0018,0.0675,0.39,0.00029,,0.041,7.12,0.0014,,,,,,,0.0775,,,"Chrom,Olovo,Zinek,DDT,Benzen"
YPPRu007,50.9048396155,14.6541910192,0.00048,0.0341,0.97,3.0E-5,,0.0426,1.27,0.00095,,,,,,,0.0087,,,"Olovo"
3538,50.0046376730,16.7497886025,0.00383,0.0849,1.43,0.002,,0.0238,6.04,0.00133,,,,,,,0.0156,,,"Chrom,Měď,Rtut,Zinek,DDT"
XPPBr022,50.3040262322,17.3345708834,0.0018,0.0038,0.49,0.00045,,0.0482,5.15,0.00163,,,,,,,0.0115,,,"Olovo,Zinek,DDT"
5559,50.3414723252,12.8744614546,0.00189,0.001,0.58,1.0E-5,,0.0361,9.87,0.00196,,,,,,,0.0617,,,"Olovo,Zinek,DDT,Benzen"
1525,49.4625979677,17.0158574781,0.00328,0.046,1.58,0.00036,,0.0294,2.62,0.00058,,,,,,,0.0777,,,"Měď,Olovo,Benzen"
YPNHL026,49.0504619424,17.8465555317,0.0011,0.0005,1.95,0.00117,,0.0305,6.36,0.00156,,,,,,,0.0632,,,"Měď,Rtut,Olovo,Zinek,DDT,Benzen"
ZPTBj001,50.2331898675,17.2042685849,0.00675,0.0026,0.03,0.00128,,0.0271,8.32,0.00157,,,,,,,0.0585,,,"Kadmium,Rtut,Olovo,Zinek,DDT,Benzen"
5509,50.5046907346,13.4243930754,0.00842,0.007,1.48,0.00113,,0.0028,7.18,0.00067,,,,,,,0.0308,,,"Kadmium,Měď,Rtut,Zinek"
1176,50.5197533967,13.4084968111,0.00178,0.0123,1.13,0.00153,,0.0193,8.54,0.00148,,,,,,,0.0397,,,"Měď,Rtut,Zinek,DDT"
1179,49.9811772940,18.2082679557,0.0086,0.0708,0.16,0.00094,,0.0172,8.63,0.00052,,,,,,,0.0014,,,"Kadmium,Chrom,Zinek"
5555,49.6144588977,18.4835458357,0.0089,0.0276,1.31,0.00086,,0.0054,4.38,0.00032,,,,,,,0.076,,,"Kadmium,Měď,Benzen"
5323,49.6889023854,17.8018189884,0.00508,0.0903,1.03,0.00113,,0.031,8.49,0.0019,,,,,,,0.0639,,,"Kadmium,Chrom,Měď,Rtut,Olovo,Zinek,DDT,Benzen"
3619,49.0827254997,16.4119889593,0.00973,0.0514,1.13,0.00071,,0.0184,3.02,0.00171,,,,,,,0.0182,,,"Kadmium,Chrom,Měď,DDT"
1187,50.3698558214,13.1141359505,9.0E-5,0.0937,1.4,0.00071,,0.04,9.57,0.00074,,,,,,,0.0551,,,"Chrom,Měď,Olovo,Zinek,Benzen"
1102,49.1451224707,16.6296989755,0.00233,0.0028,0.24,0.00068,,0.0233,2.82,0.00058,,,,,,,0.078,,,"Benzen"
SPPSv030,50.5284457376,13.5551966205,0.00185,0.0805,1.08,0.00161,,0.0327,4.9,0.00121,,,,,,,0.0501,,,"Chrom,Měď,Rtut,Olovo,DDT,Benzen"
1119,50.5455437061,13.6099972493,3.0E-5,0.0168,1.97,0.00074,,0.0235,8.38,0.0012,,,,,,,0.0384,,,"Měď,Zinek,DDT"
8010,50.6338006793,14.7514504013,0.00775,0.0298,1.67,0.00115,,0.0127,2.05,0.00052,,,,,,,0.039,,,"Kadmium,Měď,Rtut"
1059,49.1635555798,15.5505980098,0.00234,0.0382,1.66,0.0014,,0.0333,1.18,0.00135,,,,,,,0.068,,,"Měď,Rtut,Olovo,DDT,Benzen"
DPTNr002,50.0832220763,12.2507084370,0.00923,0.0215,1.31,0.00115,,0.0353,2.59,0.0004,,,,,,,0.0567,,,"Kadmium,Měď,Rtut,Olovo,Benzen"
3473,49.3930477712,15.4965182218,0.00428,0.0186,0.16,0.0018,,0.0012,6.82,0.00076,,,,,,,0.0639,,,"Rtut,Zinek,Benzen"
JPTHu003,50.6988893827,14.9046765947,0.0098,0.0212,0.74,0.00047,,0.0209,6.34,0.00145,,,,,,,0.0522,,,"Kadmium,Zinek,DDT,Benzen"
1051,49.8885500464,16.9241753036,0.00016,0.055,0.7,0.00136,,0.0334,0.28,0.00106,,,,,,,0.0473,,,"Chrom,Rtut,Olovo,DDT,Benzen"
3952,50.6326111508,14.7162318150,0.00243,0.0186,0.33,0.0019,,0.0223,3.69,0.00132,,,,,,,0.0699,,,"Rtut,DDT,Benzen"
4119_S,49.2622654928,17.6954608036,0.00556,0.0739,1.55,0.00116,,0.0211,1.5,0.00075,,,,,,,0.0321,,,"Kadmium,Chrom,Měď,Rtut"
ZPTFr001,50.1261005685,12.4448655714,0.00362,0.075,1.27,0.00156,,0.0192,3.56,0.00086,,,,,,,0.032,,,"Chrom,Měď,Rtut"
1531,49.4197638983,17.9658058947,0.00906,0.0785,0.16,0.00115,,0.0406,6.12,0.00033,,,,,,,0.0044,,,"Kadmium,Chrom,Rtut,Olovo,Zinek"
BPPBs006,49.9467240367,18.3405044054,0.00799,0.0332,0,0.00049,,0.0351,6.62,0.00023,,,,,,,0.0206,,,"Kadmium,Olovo,Zinek"
5407,49.4748873011,18.0091076317,0.00401,0.089,1.68,0.00165,,0.0019,2.15,0.00044,,,,,,,0.0321,,,"Chrom,Měď,Rtut"
1173,50.1216114396,12.5179297138,0.00965,0.0859,0.36,0.00069,,0.0107,6.13,0.0015,,,,,,,0.0097,,,"Kadmium,Chrom,Zinek,DDT"
2586_S,50.3330336913,13.5143915694,0.00397,0.0829,1.39,0.00042,,0.022,8.61,0.00053,,,,,,,0.0191,,,"Chrom,Měď,Zinek"
4115_S,48.8658422002,17.5413379151,0.00193,0.027,0.97,0.00179,,0.0466,6.02,0.0003,,,,,,,0.0266,,,"Rtut,Olovo,Zinek"
ZPPVK023,49.0184130672,17.3919505227,0.00491,0.099,0.31,0.00106,,0.0102,3.79,0.00187,,,,,,,0.0135,,,"Chrom,Rtut,DDT"
1138,50.3790543560,13.2568460397,0.00237,0.0112,1.03,0.00091,,0.0363,2.64,0.00115,,,,,,,0.0098,,,"Měď,Olovo,DDT"
1657,49.5866759913,18.5310504185,0.00092,0.0269,0.66,0.00107,,0.0065,5.98,0.00155,,,,,,,0.0258,,,"Rtut,Zinek,DDT"
5576,50.4789993065,13.6950422143,0.00868,0.0256,0.43,0.0016,,0.0429,3.71,0.00026,,,,,,,0.0279,,,"Kadmium,Rtut,Olovo"
1413,50.5024918321,13.3283459584,0.00361,0.0289,1.76,0.00113,,0.0334,8.11,0.00147,,,,,,,0.0725,,,"Měď,Rtut,Olovo,Zinek,DDT,Benzen"
1168,50.6717843251,13.5867492161,0.00923,0.0251,0.72,0.0013,,0.0258,9.33,0.00155,,,,,,,0.0486,,,"Kadmium,Rtut,Olovo,Zinek,DDT,Benzen"
1194,49.3315054727,17.3402103702,0.00202,0.0104,0.28,0.00066,,0.0352,9.14,0.00131,,,,,,,0.0457,,,"Olovo,Zinek,DDT,Benzen"
1169,50.0173803071,12.3829484743,0.00169,0.0873,0.74,5.0E-5,,0.0122,5.04,0.00075,,,,,,,0.0484,,,"Chrom,Zinek,Benzen"
3967,50.3004711812,12.1165251407,0.00793,0.0255,0.34,0.00092,,0.0032,9.05,0.00073,,,,,,,0.0791,,,"Kadmium,Zinek,Benzen"
3483,50.1336709869,12.5384322638,0.00155,0.0726,1.28,0.00134,,0.0329,4.09,0.00055,,,,,,,0.0689,,,"Chrom,Měď,Rtut,Olovo,Benzen"
15378,49.0366205104,16.1193149012,0.00514,0.0419,0.38,0.00043,,0.0166,8.48,0.00158,,,,,,,0.0401,,,"Kadmium,Zinek,DDT,Benzen"
3735,49.3150112879,15.4103525535,0.00721,0.016,1.06,0.00193,,0.0332,9.06,0.00114,,,,,,,0.0366,,,"Kadmium,Měď,Rtut,Olovo,Zinek,DDT"
3719,50.6580632166,14.0320838689,0.0016,0.0739,1.84,0.00045,,0.0322,2.85,0.00043,,,,,,,0.064,,,"Chrom,Měď,Olovo,Benzen"
10187,50.3055925470,12.1929704289,0.0001,0.0852,0.94,0.00134,,0.013,7.48,0.00106,,,,,,,0.0621,,,"Chrom,Rtut,Zinek,DDT,Benzen"
15384,50.3412583197,17.2031682921,0.00166,0.0722,1.99,0.001,,0.0285,7.82,0,,,,,,,0.0231,,,"Chrom,Měď,Rtut,Olovo,Zinek"
5558,50.6860512718,13.6171277986,0.00942,0.0529,0.5,0.00121,,0.0217,8.23,0.00012,,,,,,,0.0476,,,"Kadmium,Chrom,Rtut,Zinek,Benzen"
1191,50.7051523523,13.9508749665,0.00562,0.0982,1.65,0.00041,,0.0133,0.35,0,,,,,,,0.0222,,,"Kadmium,Chrom,Měď"
15386,49.2003047797,16.1504131810,0.00888,0.0474,1.9,0.00029,,0.011,4.76,0.00185,,,,,,,0.031,,,"Kadmium,Měď,DDT"
1203,48.8575117164,16.7274084652,0.00198,0.0917,1.78,0.00154,,0.0349,8.87,0.00011,,,,,,,0.0512,,,"Chrom,Měď,Rtut,Olovo,Zinek,Benzen"
KPPDy005,49.9253686904,17.4523290921,0.00416,0.0309,0.49,0.00171,,0.0066,3.08,0.00089,,,,,,,0.0555,,,"Rtut,Benzen"
5210,50.4287775250,16.9589774263,0.0029,0.0268,1.8,0.00111,,0.0151,9.03,0.00167,,,,,,,0.0152,,,"Měď,Rtut,Zinek,DDT"
5591,49.3640560618,15.5931791928,0.00377,0.0783,0.68,0.0012,,0.0129,2.63,0.00198,,,,,,,0.0365,,,"Chrom,Rtut,DDT"
JPPJh004,50.1341987016,16.9556575839,0.0018,0.0873,0.44,0.00176,,0.038,2.8,0.00104,,,,,,,0.014,,,"Chrom,Rtut,Olovo,DDT"
XPPKa015,49.5683476855,18.3626932477,0.0059,0.0764,0.05,0.00145,,0.0036,4.73,0.00083,,,,,,,0.029,,,"Kadmium,Chrom,Rtut"
5315,49.7372522774,18.4418856531,0.00742,0.0314,1.84,8.0E-5,,0.0108,7.55,0.00047,,,,,,,0.0475,,,"Kadmium,Měď,Zinek,Benzen"
5577,49.5894751979,18.0245944528,0.00537,0.0575,0.38,0.00159,,0.0419,1.78,0.0005,,,,,,,0.0014,,,"Kadmium,Chrom,Rtut,Olovo"
5009,49.0627870518,17.4247614626,0.00051,0.0476,1.8,0.00162,,0.0378,4.14,0.00198,,,,,,,0.0276,,,"Měď,Rtut,Olovo,DDT"
ZPPMA015,49.0587140798,17.8649490131,0.00177,0.0013,0.13,0.0005,,0.0244,4.83,0.00122,,,,,,,0.0182,,,"DDT"
ZPTBj002,49.9172853427,18.1296400786,0.00798,0.0531,0.54,3.0E-5,,0.0143,5.08,0.00122,,,,,,,0.0658,,,"Kadmium,Chrom,Zinek,DDT,Benzen"
5550,49.5631795344,16.3106473503,0.00083,0.0802,1.24,0.00185,,0.049,8.71,0.00188,,,,,,,0.0025,,,"Chrom,Měď,Rtut,Olovo,Zinek,DDT"
SPTVi001,49.9408931071,18.2738281828,0.00346,0.0834,1.69,0.0002,,0.0124,8.29,0.0009,,,,,,,0.034,,,"Chrom,Měď,Zinek"
5522,49.4675004283,18.4346367112,0.00843,0.0516,1.35,0.00066,,0.05,2.86,0.00112,,,,,,,0.0638,,,"Kadmium,Chrom,Měď,Olovo,DDT,Benzen"
5307,50.0773081066,16.9592597483,0.00818,0.0831,1.63,0.0002,,0.0169,4.21,0.00186,,,,,,,0.0338,,,"Kadmium,Chrom,Měď,DDT"
3636,49.6469670260,18.3827032277,0.00223,0.0544,0.68,0.0004,,0.0207,2.81,0.00047,,,,,,,0.0609,,,"Chrom,Benzen"
5316,50.5496084880,13.6006362689,0.00114,0.0076,1.73,0.00072,,0.0453,3.12,0.00158,,,,,,,0.0598,,,"Měď,Olovo,DDT,Benzen"
15306,50.6133335377,14.5926878113,0.00828,0.0462,0.15,0.00166,,0.0375,6.34,0.00125,,,,,,,0.0453,,,"Kadmium,Rtut,Olovo,Zinek,DDT,Benzen"
4122_S,50.4037716168,17.0345410163,0.00465,0.0436,1.34,0.00161,,0.0429,5.95,0.00045,,,,,,,0.0064,,,"Měď,Rtut,Olovo,Zinek"
5516,50.5062309241,13.4832448015,0.00138,0.057,0.56,0.00111,,0.0426,5.17,0.00063,,,,,,,0.0772,,,"Chrom,Rtut,Olovo,Zinek,Benzen"
1181,49.4578936617,17.7654055448,0.00593,0.0177,0.65,0.001,,0.0244,1.15,0.00049,,,,,,,0.0253,,,"Kadmium,Rtut"
BPPJu013,49.0508097600,15.4394205902,0.00577,0.0321,0.28,0.00065,,0.0478,7.68,0.00179,,,,,,,0.0337,,,"Kadmium,Olovo,Zinek,DDT"
DPPMD017,48.8851078525,16.2162865779,0.00203,0.0562,0.45,0.00012,,0.0078,4.52,0.00028,,,,,,,0.0236,,,"Chrom"
DPPSk008,48.8972048356,16.5884425297,0.00021,0.0424,1.7,0.00175,,0.0471,1.62,0.00168,,,,,,,0.0428,,,"Měď,Rtut,Olovo,DDT,Benzen"
DPNNM009,50.3447749067,12.7075046186,0.00339,0.0164,0.06,0.00166,,0.014,2.78,0.00028,,,,,,,0.0686,,,"Rtut,Benzen"
1712,49.5683483368,18.3563031977,0.006,0.0288,0.36,0.00111,,0.0027,0.75,0.00196,,,,,,,0.0207,,,"Kadmium,Rtut,DDT"
5573,49.0452247608,16.6187307100,0.00638,0.0202,0.64,0.00159,,0.0327,4.61,0.00018,,,,,,,0.0541,,,"Kadmium,Rtut,Olovo,Benzen"
1185,49.3569609395,16.4026241875,0.00886,0.0939,1.1,0.00166,,0.005,3.85,0.00072,,,,,,,0.0352,,,"Kadmium,Chrom,Měď,Rtut"
SPPBo007,50.6197413238,13.4131315062,0.00549,0.0394,0.53,0.00166,,0.0336,4.12,0.00137,,,,,,,0.0217,,,"Kadmium,Rtut,Olovo,DDT"
1269,50.6556352964,14.7280589757,0.007,0.0869,1.66,0.00151,,0.0473,8.04,2.0E-5,,,,,,,0.0465,,,"Kadmium,Chrom,Měď,Rtut,Olovo,Zinek,Benzen"
3502,49.1165191099,16.5791164253,5.0E-5,0.0334,0.75,0.00132,,0.0398,4.66,0.00067,,,,,,,0.0545,,,"Rtut,Olovo,Benzen"
3954,49.9196762425,16.9435306317,0.00405,0.0885,1.02,0.00101,,0.0134,8.69,0.0019,,,,,,,0.0655,,,"Chrom,Měď,Rtut,Zinek,DDT,Benzen"
3639,49.0997940686,16.1964187123,0.00263,0.0215,1.3,0.00188,,0.0314,3.33,0.00041,,,,,,,0.0262,,,"Měď,Rtut,Olovo"
3725,50.6706086535,14.6480690526,0.00202,0.0034,0.16,0.00029,,0.0419,0.96,0.00146,,,,,,,0.0676,,,"Olovo,DDT,Benzen"
1060,49.5724193080,17.7275604250,0.00431,0.0104,1.01,0.00045,,0.0286,8.41,0.00182,,,,,,,0.0782,,,"Měď,Olovo,Zinek,DDT,Benzen"
3682,50.8748228269,14.2434498060,0.00725,0.0415,0.97,0.00199,,0.0142,4.3,0.00163,,,,,,,0.0438,,,"Kadmium,Rtut,DDT,Benzen"
1127,50.1380612381,12.4296773154,0.00645,0.0461,0.96,0.00054,,0.0397,6.9,0.0012,,,,,,,0.0798,,,"Kadmium,Olovo,Zinek,DDT,Benzen"
15375,50.3630080856,13.7186876532,0.00724,0.0682,0.28,0.00112,,0.039,8.72,0.00081,,,,,,,0.0168,,,"Kadmium,Chrom,Rtut,Olovo,Zinek"
15385,49.4239043947,15.9861378790,0.00977,0.0911,0.87,0.0011,,0.0376,3.44,0.00105,,,,,,,0.0381,,,"Kadmium,Chrom,Rtut,Olovo,DDT"
JPTMo003,50.2415037294,17.7210055351,0.00759,0.0008,0.94,8.0E-5,,0.0219,2.84,0.00118,,,,,,,0.0066,,,"Kadmium,DDT"
5580,49.7414492297,17.6942876257,0.00745,0.0071,0.71,0.00108,,0.0381,9.56,0.00107,,,,,,,0.0388,,,"Kadmium,Rtut,Olovo,Zinek,DDT"
5545,49.0943348350,16.6204726690,0.00638,0.0679,0.09,0.00083,,0.0276,4.54,0.00126,,,,,,,0.0422,,,"Kadmium,Chrom,Olovo,DDT,Benzen"
1199,50.0991994312,17.6905593305,0.00365,0.0063,0.15,0.00023,,0.0204,6.01,0.00119,,,,,,,0.0133,,,"Zinek,DDT"
3566,49.5096384267,17.5392110957,0.00609,0.0064,0.42,9.0E-5,,0.0174,7.99,0.00026,,,,,,,0.0074,,,"Kadmium,Zinek"
BPPBe014,50.4780726087,13.1109151042,0.00871,0.0487,1.27,0.00127,,0.0221,1.67,0.00023,,,,,,,0.0063,,,"Kadmium,Měď,Rtut"
1159,49.4860297563,16.1353563187,0.00847,0.0165,0.99,0.00079,,0.031,1.23,0.00186,,,,,,,0.0788,,,"Kadmium,Olovo,DDT,Benzen"
SPPBo006,48.7684180459,16.8513093939,0.00187,0.0001,0.2,0.00119,,0.0301,6.94,0.00153,,,,,,,0.0169,,,"Rtut,Olovo,Zinek,DDT"
KPPVc010,50.5060288795,13.6840888988,0.00758,0.0971,0.52,0.00021,,0.0385,3.89,0.0004,,,,,,,0.0513,,,"Kadmium,Chrom,Olovo,Benzen"
1120,49.9521844798,16.8743774454,0.00877,0.0831,0.54,0.00063,,0.05,3.9,0.0008,,,,,,,0.0676,,,"Kadmium,Chrom,Olovo,Benzen"
3546,48.8945813204,15.8172582996,0.00556,0.0895,0.48,0.00035,,0.0009,1.68,0.00031,,,,,,,0.0164,,,"Kadmium,Chrom"
DPPDy004,50.0272048312,12.3706724156,0.0017,0.0258,1.6,0.00155,,0.0476,5.62,0.00197,,,,,,,0.0568,,,"Měď,Rtut,Olovo,Zinek,DDT,Benzen"
3969,50.7725338621,14.2033162541,0.00533,0.0243,1.63,0.0006,,0.0317,0.14,0.00189,,,,,,,0.0407,,,"Kadmium,Měď,Olovo,DDT,Benzen"
1109,49.0309726324,17.7125864798,0.00846,0.0216,1.66,0.00169,,0.0303,2.25,0.00138,,,,,,,0.0129,,,"Kadmium,Měď,Rtut,Olovo,DDT"
ZPPOv009,50.4155616559,12.8712981370,0.0012,0.0933,0.67,0.00027,,0.005,4.95,0.00069,,,,,,,0.0217,,,"Chrom"
1145,49.0290574844,17.3828445060,0.00754,0.0143,0.08,0.00141,,0.0353,0.29,0.00083,,,,,,,0.019,,,"Kadmium,Rtut,Olovo"
ZPPDR025,49.0959145994,17.5008328290,0.00272,0.0231,1.08,0.00181,,0.0123,4.84,0.00083,,,,,,,0.0073,,,"Měď,Rtut"
ZPPBn004,50.3396768370,12.5204427169,0.007,0.0241,1.88,0.00061,,0.0234,6.25,0.00094,,,,,,,0.047,,,"Kadmium,Měď,Zinek,Benzen"
1612,50.5178789452,13.3287880320,0.00558,0.0806,1.45,0.00132,,0.015,0.69,0.00186,,,,,,,0.0043,,,"Kadmium,Chrom,Měď,Rtut,DDT"
1169,50.1976010336,12.8595373818,0.00213,0.0975,1.52,0.00184,,0.0001,1.76,0.00031,,,,,,,0.0221,,,"Chrom,Měď,Rtut"
1557,50.3165755817,13.6038646884,0.00407,0.0698,0.36,0.00131,,0.009,5.96,0.00149,,,,,,,0.0705,,,"Chrom,Rtut,Zinek,DDT,Benzen"
1116,50.4218882790,13.4768253448,0.00837,0.068,0.37,0.00061,,0.0152,6.58,0.00179,,,,,,,0.0691,,,"Kadmium,Chrom,Zinek,DDT,Benzen"
1266,49.1216341889,17.4759508784,0.00463,0.0617,1.04,0.00153,,0.0344,4.51,0.00164,,,,,,,0.072,,,"Chrom,Měď,Rtut,Olovo,DDT,Benzen"
ZPPKD014,48.8541482538,16.0448163824,0.00426,0.058,1.64,0.00086,,0.0378,9.76,0.00141,,,,,,,0.013,,,"Chrom,Měď,Olovo,Zinek,DDT"
1191,49.8911628790,18.3279964379,0.00673,0.0887,1.63,0.00171,,0.0241,5.59,0.00147,,,,,,,0.0255,,,"Kadmium,Chrom,Měď,Rtut,Zinek,DDT"
5031,49.6180936255,17.9209719022,0.00239,0.0924,1.25,0.00109,,0.0291,5.15,0.00081,,,,,,,0.0035,,,"Chrom,Měď,Rtut,Olovo,Zinek"
5008,50.6904093238,14.5130923488,0.00132,0.093,1.62,0.00164,,0.019,6.28,0.00144,,,,,,,0.0646,,,"Chrom,Měď,Rtut,Zinek,DDT,Benzen"
1113,49.7130026665,16.7633536799,0.00207,0.0538,0.47,0.00193,,0.0257,9.42,0.00025,,,,,,,0.0149,,,"Chrom,Rtut,Olovo,Zinek"
XPPJe009,49.0190875275,17.6585862457,0.00829,0.0941,0.08,0.00062,,0.025,7.76,0.00126,,,,,,,0.0592,,,"Kadmium,Chrom,Olovo,Zinek,DDT,Benzen"
ZPPNi001,50.2899981013,13.4349753720,0.007,0.0254,0.57,0.00056,,0.0385,6.92,0.00065,,,,,,,0.0722,,,"Kadmium,Olovo,Zinek,Benzen"
1479,50.0454814093,12.3946516175,0.00621,0.0133,1.44,0,,0.0381,4.4,0.00162,,,,,,,0.0775,,,"Kadmium,Měď,Olovo,DDT,Benzen"
1157,49.0792443580,17.7138534566,0.00979,0.0044,1.87,0.00098,,0.0494,0.57,0.00136,,,,,,,0.0652,,,"Kadmium,Měď,Olovo,DDT,Benzen"
ZPPLD019,50.5420031753,13.7632505815,0.00999,0.0719,0.25,0.001,,0.0247,7.57,0.00047,,,,,,,0.0155,,,"Kadmium,Chrom,Rtut,Zinek"
1085,49.5946136971,17.3250404832,0.0001,0.0523,0.95,0.00156,,0.0107,7.99,0.00136,,,,,,,0.0669,,,"Chrom,Rtut,Zinek,DDT,Benzen"
3770,49.3081207908,16.9320555989,0.00932,0.0402,1.68,0.00139,,0.0422,6.47,0.00133,,,,,,,0.0657,,,"Kadmium,Měď,Rtut,Olovo,Zinek,DDT,Benzen"
YPTOp001,49.6544673110,18.3818695280,0.00691,0.0594,0.62,0.00136,,0.0326,9.92,0.00099,,,,,,,0.052,,,"Kadmium,Chrom,Rtut,Olovo,Zinek,Benzen"
5317,50.2629858677,12.2447268044,0.00711,0.0619,0.29,0.00041,,0.0188,3.86,0.0008,,,,,,,0.0309,,,"Kadmium,Chrom"
3493,48.9111372538,17.3124246183,0.0091,0.0874,0.33,0.00024,,0.0337,8.47,0.00192,,,,,,,0.0484,,,"Kadmium,Chrom,Olovo,Zinek,DDT,Benzen"
3684,48.8873356016,16.7294075039,0.00249,0.0798,0.59,0.00018,,0.0222,9.6,0.00183,,,,,,,0.0108,,,"Chrom,Zinek,DDT"
KPPSt001,49.9931388821,17.8184949904,0.00553,0.0225,1.63,0.00041,,0.0108,3.06,0.00171,,,,,,,0.0743,,,"Kadmium,Měď,DDT,Benzen"
5111,49.5995069771,17.2511340327,0.00925,0.0001,0.26,0.0006,,0.0194,5.33,0.00137,,,,,,,0.0237,,,"Kadmium,Zinek,DDT"
1133,49.0338402337,16.6201331614,0.00407,0.0852,0.84,0.00015,,0.0349,3.81,0.00137,,,,,,,0.0759,,,"Chrom,Olovo,DDT,Benzen"
1180,50.6775795244,13.6103550144,0.00178,0.0982,0.07,0.00125,,0.0471,9.52,0.00152,,,,,,,0.0395,,,"Chrom,Rtut,Olovo,Zinek,DDT"
1193,49.2268491456,17.8634973170,0.00177,0.0572,1.4,0.00079,,0.0439,5.52,0.00064,,,,,,,0.0642,,,"Chrom,Měď,Olovo,Zinek,Benzen"
ZPPLt012,50.5051578321,14.2307938554,0.00553,0.0456,0.2,0.00189,,0.0495,7.88,0.00047,,,,,,,0.0316,,,"Kadmium,Rtut,Olovo,Zinek"
4108_S,50.1077132530,12.3966321867,0.0064,0.0658,0.95,0.00068,,0.0019,1.58,0.00057,,,,,,,0.0174,,,"Kadmium,Chrom"
1398,49.8855999764,18.4882959693,0.0014,0.0325,1.68,0.00016,,0.0138,5.99,0.00115,,,,,,,0.0363,,,"Měď,Zinek,DDT"
5420,48.8384956834,17.1313391646,0.00171,0.0274,1.7,9.0E-5,,0.0413,1.71,0.0017,,,,,,,0.0302,,,"Měď,Olovo,DDT"
1139,49.7451891352,16.9318943865,0.00627,0.0953,0.64,0.00123,,0.0371,5.56,2.0E-5,,,,,,,0.0304,,,"Kadmium,Chrom,Rtut,Olovo,Zinek"
1166,49.3494683513,17.9509470603,0.00213,0.0486,1.44,0.0005,,0.0322,0.04,0.00094,,,,,,,0.0628,,,"Měď,Olovo,Benzen"
1170,50.4989503068,13.1367545940,0.0033,0.031,1.74,0.00121,,0.0455,4.42,0.00012,,,,,,,0.0064,,,"Měď,Rtut,Olovo"
1150,49.4558309827,18.4699176077,0.00716,0.091,0.25,0.00108,,0.004,9.8,0.00184,,,,,,,0.0566,,,"Kadmium,Chrom,Rtut,Zinek,DDT,Benzen"
5305,50.2171439557,12.4422328548,0.00933,0.0238,0.64,0.00135,,0.0397,3.34,0.0001,,,,,,,0.0006,,,"Kadmium,Rtut,Olovo"
15376,49.6703052861,18.3229750313,0.00821,0.0773,0.52,0.00093,,0.0389,7.3,0.0005,,,,,,,0.0086,,,"Kadmium,Chrom,Olovo,Zinek"
5325,50.5145508055,13.4008608401,0.00039,0.0116,1.43,0.0019,,0.0279,7.75,5.0E-5,,,,,,,0.0219,,,"Měď,Rtut,Olovo,Zinek"
1178,50.4999343987,13.0333283988,0.00684,0.0158,1.64,0.00153,,0.0069,7.36,0.00094,,,,,,,0.0056,,,"Kadmium,Měď,Rtut,Zinek"
3472,49.5850087193,18.5574425748,0.00975,0.0795,1.49,0.00154,,0.0064,7.98,0.00156,,,,,,,0.076,,,"Kadmium,Chrom,Měď,Rtut,Zinek,DDT,Benzen"
5322,50.7005329338,14.8383167906,0.0057,0.0037,0.83,0.00069,,0.0384,6.64,0.00091,,,,,,,0.0645,,,"Kadmium,Olovo,Zinek,Benzen"
1053,49.9120499689,17.8924905922,0.0078,0.017,1.51,0.00067,,0.0473,7.86,0.00123,,,,,,,0.0504,,,"Kadmium,Měď,Olovo,Zinek,DDT,Benzen"
3585,49.8158817487,18.2099188464,0.00944,0.0429,0.79,0.00016,,0.0082,8.67,0.0003,,,,,,,0.0111,,,"Kadmium,Zinek"
5024,49.2458447026,15.4555756999,0.00662,0.0896,1.82,0.00159,,0.0347,6.86,0.00148,,,,,,,0.0211,,,"Kadmium,Chrom,Měď,Rtut,Olovo,Zinek,DDT"
JPPTP018,50.7169000449,13.6164733668,0.00723,0.0155,1.23,0.00098,,0.041,0.68,0.00059,,,,,,,0.048,,,"Kadmium,Měď,Olovo,Benzen"
3461,50.4141170883,12.8761739253,0.00238,0.0051,1.88,0.00037,,0.0419,5.5,0.00163,,,,,,,0.0625,,,"Měď,Olovo,Zinek,DDT,Benzen"
1146,49.6670008957,18.3504582664,0.0098,0.0209,1.73,0.00028,,0.0037,0.14,0.00056,,,,,,,0.059,,,"Kadmium,Měď,Benzen"
3784,48.9073958777,16.1960050688,0.00911,0.0192,1.06,0.00121,,0.0439,2.69,0.00174,,,,,,,0.048,,,"Kadmium,Měď,Rtut,Olovo,DDT,Benzen"
DPPJv015,49.0995207071,15.8630665099,0.00424,0.048,0.17,0.00048,,0.0274,3.84,0.00169,,,,,,,0.063,,,"Olovo,DDT,Benzen"
JPPRy022,48.7593277518,16.2457271664,0.00436,0.0781,1.95,0.00054,,0.0165,7.86,0.0001,,,,,,,0.0248,,,"Chrom,Měď,Zinek"
DPPDa006,50.1186904575,12.4614752422,0.00995,0.0915,0.91,0.00014,,0.0465,7.38,0.00162,,,,,,,0.0673,,,"Kadmium,Chrom,Olovo,Zinek,DDT,Benzen"
4111_S,49.1084607205,17.2250071066,0.0093,0.0336,0.89,0.00162,,0.0303,3.13,0.00081,,,,,,,0.0023,,,"Kadmium,Rtut,Olovo"
KPTKo002,50.3801519105,17.1931703127,0.00794,0.0496,0.55,0.00068,,0.044,1.16,0.00025,,,,,,,0.0252,,,"Kadmium,Olovo"
5514,49.6992701595,16.0607021394,0.00898,0.01,1.18,0.00045,,0.0444,6.41,0.00108,,,,,,,0.0706,,,"Kadmium,Měď,Olovo,Zinek,DDT,Benzen"
SPTVi011,49.0260310274,17.1264499615,0.00556,0.0993,1.91,0.00097,,0.0365,7.6,0.00065,,,,,,,0.0528,,,"Kadmium,Chrom,Měď,Olovo,Zinek,Benzen"
KPPKY012,49.6751601296,17.2470639852,0.00096,0.0771,0.93,0.00141,,0.0042,8.74,0.00147,,,,,,,0.0703,,,"Chrom,Rtut,Zinek,DDT,Benzen"
XPPSk017,49.2210178152,17.8536789976,0.00369,0.0005,0.44,0.0005,,0.0061,3.49,0.00113,,,,,,,0.0015,,,"DDT"
ZPPBK013,49.4759539999,17.1398813764,0.0045,0.0152,0.49,0.00067,,0.0397,7.86,0.00044,,,,,,,0.0279,,,"Olovo,Zinek"
YPPHl002,48.8785799946,17.2801712683,0.00778,0.0171,1.67,0.00102,,0.0466,1.59,0.00033,,,,,,,0.0022,,,"Kadmium,Měď,Rtut,Olovo"
ZPPRa026,49.7350399969,18.1843516396,0.00931,0.0634,1.46,2.0E-5,,0.0254,4.62,0.00179,,,,,,,0.0701,,,"Kadmium,Chrom,Měď,Olovo,DDT,Benzen"
5021,49.2887015692,17.7820178218,0.00467,0.0112,0.25,0.00118,,0.0231,6.9,0.00122,,,,,,,0.073,,,"Rtut,Zinek,DDT,Benzen"
ZPTSl002,50.1748977260,12.6201517109,0.00843,0.0857,0.5,0.00127,,0.0321,4.68,0.00197,,,,,,,0.0337,,,"Kadmium,Chrom,Rtut,Olovo,DDT"
1212,50.2038387174,12.4302562122,0.0064,0.0818,1.86,0.00114,,0.0489,0.96,0.0012,,,,,,,0.0727,,,"Kadmium,Chrom,Měď,Rtut,Olovo,DDT,Benzen"
4112_S,50.2351995807,12.8709927714,0.00731,0.0329,1.85,0.00047,,0.0396,8.16,0.00023,,,,,,,0.0207,,,"Kadmium,Měď,Olovo,Zinek"
1113,49.5636173484,18.5504944055,0.00928,0.0239,1.7,0.00078,,0.0465,4.57,0.0006,,,,,,,0.0617,,,"Kadmium,Měď,Olovo,Benzen"
5574,50.5799051539,13.8053911423,0.00314,0.0552,0.81,0.00192,,0.001,3.91,0.00075,,,,,,,0.0528,,,"Chrom,Rtut,Benzen"
1087,49.7269855269,18.1315665104,0.00208,0.0307,0.46,0.00037,,0.0202,8.31,0.00018,,,,,,,0.0107,,,"Zinek"
3625,49.6637354013,17.9843827573,0.0016,0.0016,0.74,0.00191,,0.0416,4.88,0.00042,,,,,,,0.0608,,,"Rtut,Olovo,Benzen"
1159,50.6132338244,14.5922669689,0.00727,0.0058,0.3,0.00131,,0.0258,4.52,0.00085,,,,,,,0.0665,,,"Kadmium,Rtut,Olovo,Benzen"
1360,49.9359297381,17.3467600275,4.0E-5,0.0835,1.58,4.0E-5,,0.0112,1.65,0.00137,,,,,,,0.0347,,,"Chrom,Měď,DDT"
3578,50.1469727139,12.5676178719,0.00472,0.0916,1.24,0.00176,,0.0373,7.14,2.0E-5,,,,,,,0.0726,,,"Chrom,Měď,Rtut,Olovo,Zinek,Benzen"
1397,49.3646554064,16.0164646407,0.0073,0.0383,1.72,0.00113,,0.0436,0.68,0.00064,,,,,,,0.0479,,,"Kadmium,Měď,Rtut,Olovo,Benzen"
JPPOs014,49.5694249133,16.5038270200,0.00127,0.0473,0.51,0.00129,,0.0463,6.82,0.00095,,,,,,,0.0744,,,"Rtut,Olovo,Zinek,Benzen"
SPPKr010,49.7803159961,18.3629915271,0.00517,0.026,1.91,0.00149,,0.0213,6.38,0.00035,,,,,,,0.0719,,,"Kadmium,Měď,Rtut,Zinek,Benzen"
5334,50.1846706379,12.6404019725,0.00553,0.0795,1.55,0.0006,,0.0254,7.85,0.00041,,,,,,,0.019,,,"Kadmium,Chrom,Měď,Olovo,Zinek"
1111,49.3832935182,15.5044739029,0.00168,0.0063,1.6,7.0E-5,,0.0065,1.23,0.00128,,,,,,,0.0207,,,"Měď,DDT"
3720,50.2277078344,12.4981728392,0.00596,0.0892,1.81,0.00104,,0.0287,3.75,0.0009,,,,,,,0.0072,,,"Kadmium,Chrom,Měď,Rtut,Olovo"
1121,49.0473332381,17.4274371461,0.00636,0.0404,1.67,0.00012,,0.002,0.06,0.00192,,,,,,,0.0476,,,"Kadmium,Měď,DDT,Benzen"
1175,50.5884805193,13.8034106834,0.00801,0.0734,1.79,0.00062,,0.0259,0.99,0.00109,,,,,,,0.0549,,,"Kadmium,Chrom,Měď,Olovo,DDT,Benzen"
1088,49.9125858560,17.5303933499,0.00162,0.0346,1.45,0.00059,,0.0235,3.62,0.00111,,,,,,,0.0052,,,"Měď,DDT"
