PLA_164,-670874.6,-979364.9,Desná (do Kamenice)
PVL_3370,-836044.05,-1062861.19,Mže
PVL_2056,-777470.95,-1130428.22,Blanice
ZVHS_402-031,-488796.81,-1105399.57,Jamník
CHMI_3481,-795670.1,-966663.01,Flájský potok
ZVHS_307N002,-814902.6,-1031051,Podvinecký potok
CHMI_1091,-812370.9,-1065154.76,Klabava
CHMI_3726,-776118.3,-1057747.7,Červený potok
REF_069,-651753.1,-990362.87,Labe
PVL_3237,-845639.76,-1113740.67,Chodská Úhlava
ZVHS_217-048,-819767,-1068972,Úslava
ZVHS_209-011,-836742.1,-1101617.8,Poleňka
PLA_158,-714012,-1033386.5,Mlynařice
PLA_123,-588573.6,-1067609.6,Tichá Orlice
CHMI_1036,-701134.07,-1004138.54,Jizera
POD_5324,-469479.3,-1121939.9,Olešná
ZVHS_511-014,-651644.3,-1164569.4,Štěpánovický p.
PVL_3230,-828176.8,-1089839.28,Příchovický potok
PVL_2504,-805859.18,-1164376.91,Vltava
CHMI_1014,-736112.58,-1008563.55,Labe
POH_1268,-809084,-973680,Načetínský potok
PMO_DPPMn005,-629400.81,-1205730.37,Mlýnská strouha
PVL_2119,-715276.31,-1166077.38,Koštěnický potok
PMO_ZPPOk003,-542764.55,-1188940.71,Okluky
CHMI_3802,-452754.59,-1103371.84,Olše
CHMI_1060,-773799.53,-1111578.75,Skalice
PLA_219,-688284.1,-1071238.1,Vrchlice
ZVHS_111-028,-643695.98,-1001278.59,Luční potok
POH_1093,-763380,-977304,Bílina
PVL_2154,-825755.51,-1150658.07,Vydra
POH_1532,-858809,-1014739,Stoka
ZVHS_104-050,-712780.3,-1045492.8,Kounický p.
PMO_DPPZe018,-674805.87,-1176012.24,Želetavka
PLA_117,-640255.2,-1033589.7,Trotina
ZVHS_505-020,-535690.38,-1147484.84,Rumza
PMO_KPTKo001,-556662.19,-1173899.65,Kyjovka
PLA_102,-646156.2,-1003628,Malé Labe
REF_005,-631567.58,-1174807.33,Rokytná
CHMI_7133,-771262.44,-1082206.07,Drásovský potok
POD_5568,-525962.1,-1071016.2,Opava
PMO_JPPJi011,-654046.75,-1151003.38,Jihlava
PMO_XPPTe023,-581049.66,-1104646.08,Třebůvka
ZVHS_402-051,-499632.83,-1123678.99,Luha
PMO_JPTHu001,-677520.27,-1128191.86,Maršovský potok
ZVHS_212-006,-828441.8,-1060097.1,Třemošná
PLA_147,-663229,-1033984,Cidlina
POH_200201,-809867,-1003636,Ohře
PLA_304,-679260.6,-978835.5,Lužická Nisa
PMO_YPPMt010,-531318.06,-1142136.8,Moštěnka
CHMI_7055,-745901.88,-1053105.69,Berounka
PVL_2731,-735569.65,-1115070.46,Košínský potok
PVL_3636,-845243.12,-1029429.16,Střela
CHMI_3920,-723512.16,-1179739.19,Dračice
ZVHS_211-007,-761278.6,-1112816.3,Osecký p.
CHMI_1041,-759905.22,-1171981.1,Vltava
PVL_5065,-727527.57,-1080746.57,Benešovský potok(př.Sázavy)
PLA_316,-680942,-968552,Černá Nisa
PMO_KPPDy003,-584881.65,-1205932.75,Dyje
REF_062,-681229.84,-991825.28,Jizera
CHMI_4004,-751335.92,-1131532.58,Lužnice
ZVHS_203-059,-737264.12,-1190017.67,Stropnice
ZVHS_202-006,-788201.7,-1063722.2,Cerhovický p.
PMO_YPPBu021,-522794.65,-1144362.2,Bystřička
PLA_155,-699806,-1041470,Výrovka
CHMI_3686,-613286.44,-1136118.94,Svratka
PVL_5040,-729961.35,-1083599.52,Konopišťský potok(př.Sázavy)
PLA_215,-636948,-1095567,Chrudimka
ZVHS_515-019,-646354.9,-1188871.9,Mramotický p.
ZVHS_502-011,-580405.7,-1212787.5,Okresní svodnice
CHMI_1166,-568482.4,-1102454.93,Třebůvka
ZVHS_210-010,-694394.8,-1126996.3,Nemojovský p.
ZVHS_209-001,-847537.6,-1115376,Chodská Úhlava
ZVHS_508-006,-513286.3,-1127173.6,Velička
ZVHS_207-070,-714256.1,-1150587.96,Radouňský potok
POH_109101,-877490,-1011553,Libocký potok
PVL_2619,-707700.74,-1137685.88,Kamenice (př.Nežárky)
PVL_8957,-794943.46,-1163406.56,Blanice
CHMI_1105,-797847.65,-1006737.69,Ohře
ZVHS_219-055,-752055.57,-1117460.79,Smutná
ZVHS_219-050,-741259.4,-1117444.5,Vlásenický p.
PMO_ZPTFr002,-520108.1,-1159956.3,Fryštácký potok
ZVHS_516-025,-614419.53,-1140538.43,Libochovka
CHMI_3619,-506666.79,-1114797.99,Odra
ZVHS_214-031,-782135.2,-1146490.1,Bavorovský p.
ZVHS_513-013,-501533.6,-1136423.6,Juhyně
POH_9729,-773784,-977951,Bystřice
ZVHS_106-039,-722870.6,-1036597.3,Svémyslický p.
CHMI_7041,-745542.19,-1066117.27,Sázava
REF_105,-713101.4,-1070312.59,Sázava
PVL_2116,-797032.11,-1180727.27,Jezerní potok (př.Vltavy)
REF_107,-739977.54,-1069245.67,Sázava
PVL_1073,-865899.71,-1053007.93,Hamerský potok(př.Mže)
ZVHS_219-067,-733332.78,-1128459.69,Borecký potok
CHMI_7013,-667363.65,-1075069.49,Kurvice
PMO_JPPOs013,-628034.88,-1163401.41,Oslava
ZVHS_503-027,-549523.18,-1197752.49,Velička
ZVHS_513-009,-498823.42,-1140515.99,Loučka
ZVHS_303-007,-788002.1,-996641.8,Bečovský potok
ZVHS_512-021,-516372.7,-1188350.96,Kladenka
CHMI_3452,-855781.55,-987794.52,Černá
PLA_120,-609323.5,-1058630,Divoká Orlice
ZVHS_102N015,-650843.6,-1081901.6,Jezerní p.
ZVHS_208-018,-755305.7,-1019717.1,Zlonický
CHMI_3316,-666017.4,-1107574.92,Sázava
ZVHS_102-042,-640525.3,-1068916.9,Ježděnka
ZVHS_218-012,-805226.4,-1114907.2,Březový p.
PVL_5016,-664771.58,-1106738.28,Břevnický potok(př.Sázavy)
ZVHS_217-047,-813729,-1083362,Bradava
ZVHS_110-015,-615307.6,-1054088.2,Štědrý p.
CHMI_3618,-466906.2,-1094365,Odra
CHMI_4002,-684045.28,-1046303.71,Cidlina
CHMI_3964,-642990.9,-1057787.2,Labe
PLA_127,-639320.9,-1042459.3,Orlice
CHMI_7049,-875887.76,-1045174.17,Hamerský potok
ZVHS_201-003,-704183.1,-1083408.8,Čestínský
ZVHS_220-027,-852639.9,-1070797.2,Úhlavka
ZVHS_217-009,-809669,-1100276.3,Víska
PVL_1074,-859360.77,-1055007.43,Kosový potok (př.Mže)
ZVHS_517-023,-556606.2,-1169164.2,Litava
CHMI_1206,-635635.93,-1197266.55,Dyje
ZVHS_201-040,-714688.3,-1068912.9,Jevanský
REF_116,-853405.51,-1018292.66,Teplá
CHMI_3950,-557881.49,-1199599.38,Morava
ZVHS_219-021,-735084.1,-1127851.7,Maršovský p.
CHMI_1045,-743551.65,-1046337.31,Vltava
PVL_3360,-777813.2,-1041529.46,Klíčava
CHMI_1104,-807244.59,-1002181.88,Ohře
CHMI_1087,-783622.5,-1044347.06,Berounka
PMO_ZPPNi020,-520847.95,-1193499.26,Nivnička (Bystřička)
CHMI_5050,-755551.73,-1066351.28,Bojovský potok
POD_5561,-513805,-1108887,Odra
PLA_125,-603891.1,-1073956.3,Třebovka
REF_124,-788361.72,-1050204.78,Úpořský potok
REF_099,-758342.44,-980971.94,Prutký potok
CHMI_1115,-802918.31,-1006911.59,Liboc
PLA_82,-679913.1,-971157.3,Červený potok
CHMI_3021,-745324.75,-963587.1,Labe
PVL_2727,-752061.78,-1130331.52,Smutná
ZVHS_207-015,-745584.77,-1172029.04,Spolský p.
PMO_SPPBi013,-609638.45,-1150259,Bílý potok
ZVHS_307N001,-814331.7,-1024339.3,Mlýnecký p.
REF_135,-601576.94,-1052394.51,Zdobnice
PMO_BPTKa002,-477654.53,-1157682.48,Malá Stanovnice (Zabitá)
ZVHS_507-010,-560593.5,-1131218.9,Romže (Valová)
PVL_2951,-796508.31,-1108588.85,Lomnice
POH_1302,-764858,-959458,Slatina
PVL_2045,-854550.11,-1097491.06,Zubřina
CHMI_7209,-819776.59,-1068958.11,Úslava
ZVHS_506-036,-543311.11,-1133823.14,Olešnice
PLA_182,-607622,-999537,Stěnava
ZVHS_202-025,-778415,-1085884,Blatská stoka
POD_5557,-544862.1,-1040495.6,Černý potok
POH_1073,-771947,-965281,Mohelnice
ZVHS_214N001,-810341.9,-1144358.5,Zdíkovský p.
ZVHS_209-020,-836210,-1105264,Drnový potok
POD_5320,-466503.9,-1120084.4,Morávka
PLA_144,-680613.3,-1064358.9,Klejnárka
PMO_XPPDS020,-555795.62,-1071052.08,Desná
CHMI_3596,-533740.65,-1043471,Bělá
REF_085,-545394.85,-1143816.87,Morava
PVL_3629,-820699.33,-1045210.01,Mladotický potok
CHMI_1164,-493716.25,-1119711.04,Jičínka
CHMI_1111,-867182.61,-1013547.78,Svatava
PMO_SPPBc003,-617963.32,-1121798.26,Bystřice
ZVHS_401-072,-538162.2,-1040176.4,Kunětička
CHMI_1188,-603942.62,-1190022.31,Jihlava
ZVHS_214-006,-802428.77,-1145538.84,Spůlka
ZVHS_215-008,-758198.8,-1097716.7,Předbořický
ZVHS_110-033,-608524.65,-1049524.29,Kněžná
ZVHS_112N010,-603529.6,-1073931.4,PP č.1 Knapoveckého p.
ZVHS_501-019,-601469.6,-1169167.5,Bobrava
REF_012,-522768.19,-1091666.5,Lesná
CHMI_0104,-749109.01,-971769.65,Labe
ZVHS_206-007,-654833.4,-1104003.8,Jitkovský
ZVHS_402-056,-480038.63,-1111969.43,Lubina
CHMI_5028,-723611.13,-1067578.13,Mnichovka
CHMI_5001,-745385.9,-1091239.84,Mastník
ZVHS_403-027,-471602.7,-1108058.5,Hrabovský p. (Lesní)
ZVHS_203N003,-757236.9,-1195353.8,Kamenice
ZVHS_211-032,-782308.9,-1110389.1,Kostratecký p.
ZVHS_210-054,-701904.01,-1105658.74,Martinický
ZVHS_217-014,-814396.9,-1087312.6,Podhrázský p.
CHMI_3813,-820412.36,-1067891.18,Berounka
ZVHS_201-004,-704764,-1081646.9,Losinský
ZVHS_516-024,-614499.14,-1140453.25,Bobrůvka
ZVHS_220-029,-849202.1,-1062391.3,Petrský p.
PMO_ZPPDe008,-512857.17,-1166624.67,Dřevnice
REF_004,-669756.39,-1186058.35,Dyje
REF_101,-680376.07,-1099671.13,Pstružný potok
POH_1772,-874352,-1019119,Libavá
PMO_SPPSv030,-597288.64,-1166505.21,Svratka
PMO_YPPVO018,-554723.21,-1136353.28,Valová
PLA_60,-644382,-1054813.1,Labe
CHMI_3114,-828001.02,-1076860.57,Radbuza
POD_5311,-461310.1,-1138596.3,Řecice
POD_5576,-455188.6,-1130703.7,Morávka
PVL_3226,-821984.8,-1078099.96,Losinský potok
REF_028,-784880.96,-1167563.68,Zlatý potok
CHMI_1079,-826728.98,-1085519.03,Úhlava
REF_017,-586090.14,-1125432.48,Benešovský příkop
CHMI_1059,-774723.9,-1113549.94,Lomnice
PMO_YPPCP016,-558307.97,-1130484.51,Český potok (Vyklička)
PLA_279,-675092.2,-1045868.8,Cidlina
CHMI_1046,-745160.39,-1029643.42,Vltava
ZVHS_503-028,-536691.35,-1208969.28,Teplica *Vrbovčanka
ZVHS_104-081,-698314.31,-1063525.61,Drahobudický potok
ZVHS_111-011,-644393.7,-1014317.1,Brusnický p.
REF_091,-482585.71,-1112979.37,Odra
ZVHS_507-021,-554321.3,-1159357.5,Morkovický p.
PVL_2543,-770088.74,-1182253.97,Polečnice (Kájovský potok)
CHMI_3251,-724552.62,-1189014.39,Lužnice
ZVHS_208-019,-764865.5,-1024701.8,Šternberský
PMO_DPTZn002,-648655.62,-1198086.02,Dyje
PMO_BPPRb007,-482023.44,-1141634.59,Rožnovská Bečva
CHMI_1137,-534083.6,-1174329.5,Morava
ZVHS_202-014,-760940,-1060332.4,Svinařský p.
CHMI_3484,-901108,-994323.06,Rokytnice
PMO_DPTNr001,-675576.83,-1156858.42,Řečice (Olšanský potok)
ZVHS_302-024,-877111.1,-1030527.8,Šitbořský p.
CHMI_7045,-866972.63,-1056386.16,Mže
ZVHS_501-014,-577738.1,-1140701.8,Bílá voda
POH_1508,-854489,-1025771,Teplá
ZVHS_219-027,-728540.8,-1120750.4,Chýnovský p.
CHMI_1005,-633433.36,-1025590.82,Labe
ZVHS_205-007,-862884.9,-1083888.5,Slatina
POD_5546,-480745.5,-1111942.7,Odra
PMO_YPPMB006,-540940.76,-1150035.32,Malá Bečva
ZVHS_106-030,-688172.7,-1010810.5,Bousovský p.
ZVHS_402-014,-496072.7,-1128676.6,Grassmanka
CHMI_1007,-643236.85,-1047560.92,Labe
PVL_2030,-801351.58,-1045188.45,Javornice
CHMI_3719,-683311.51,-1137513.46,Jihlava
ZVHS_201-008,-727418.23,-1101185.89,Podnebolický
CHMI_1181,-600344.29,-1187902.79,Svratka
PLA_175,-689956.1,-971616.9,Černá Nisa
POD_5304,-469948.4,-1102271.5,Ostravice
ZVHS_509-034,-587021.25,-1080838.96,Moravská Sázava
ZVHS_401-012,-507453.8,-1076701.6,Čižina
PLA_152,-685820.3,-1029950.8,Štítarský potok
POH_1283,-807295,-989548,Podkrušnohorský přivaděč
PMO_VPPVL004,-502454.12,-1177635.13,Vlára
POD_5583,-558181.1,-1027521.3,Hoštický potok
PMO_ZPPMA022,-551122.66,-1195010.31,Morava
ZVHS_401-065,-546780.1,-1035729.5,Vidnavka
CHMI_5061,-714747,-1089334,Blanice
ZVHS_109N008,-683672.7,-1015374.9,Bukovina
PVL_2658,-755181.43,-1187609.82,Budský potok
PLA_177,-693785.4,-967703.7,Jeřice
PVL_5021,-712664.64,-1083971.83,Chotýšanka (př.Blanice-DV)
ZVHS_106-074,-681956.92,-994951.52,Stebenka
CHMI_1028,-647025.57,-1060169.56,Chrudimka
ZVHS_403-058,-483934.7,-1078781.8,Bílá Voda
POH_1167,-813319,-986193,Chomutovka
CHMI_3130,-682567.57,-1059867.13,Klejnárka
CHMI_3464,-875096,-993963,Svatava
ZVHS_102-066,-614976.13,-1081679.95,Desná
ZVHS_517-018,-568681.2,-1155031.5,Rostěnický p.
ZVHS_504-006,-685242.5,-1160102.9,Vyderský p.
ZVHS_401-052,-506443,-1049076.3,Lesný p.
ZVHS_210-041,-708475.9,-1118111.7,Novodvorský p.
PVL_2501,-819966.23,-1152397.49,Vltava
ZVHS_217-008,-811341.6,-1101638.7,Myslívský p.
PVL_2653,-758310.26,-1183893.38,Zvíkovský potok
PMO_VPPBu003,-496187.64,-1181040.95,Brumovka (Kloboucký potok)
POH_15387,-767713.81,-973241.69,Zálužánský potok
PMO_SPPBv024,-614369.43,-1160705.32,Bobrava
PMO_BPPSe011,-493333.68,-1168598.19,Senice
PMO_JPTMo001,-638780.58,-1134222.87,Oslava
POH_1080,-792357,-984673,Mracný potok
ZVHS_509-021,-602208.5,-1117712.1,Křetinka
POH_1306,-714726,-957010,Podlužský potok
ZVHS_211-037,-782638.8,-1099148.2,Mlýnský
REF_056,-752170.42,-1194594.36,Černá
PMO_YPNHL025,-563760.57,-1133835.13,Hloučela
PLA_118,-595476.8,-1061640.5,Divoká Orlice
ZVHS_511-043,-643852.35,-1153923.37,Střížovský p.
PLA_111,-622592,-1021954.4,Olešnice (do Úpy)
ZVHS_205-005,-867751.5,-1082787.7,Starý p.
ZVHS_207-064,-743096.37,-1152612.41,Ponědražský potok
ZVHS_207-049,-714764.5,-1156418.4,Pěněnský p.
ZVHS_219-003,-739652.8,-1141907.8,Brod
POD_5526,-455860.9,-1094933.8,Olše
REF_117,-799513.54,-1172563.21,Teplá Vltava
PLA_109,-623643,-1012405,Úpa
POH_15383,-856361,-987810.18,Blatenský potok
PVL_2063,-665460.28,-1123584.08,Zlatý potok(př.Šlapanky)
PVL_8955,-824817.32,-1141591.96,Vydra
CHMI_3092,-630468.35,-1045000.44,Dědina
PMO_YPPRu007,-533983.94,-1155288.8,Rusava
CHMI_3538,-714276.95,-955234.47,Mandava
PVL_2628,-758082.27,-1191879.95,Rožnovský potok
CHMI_3951,-544270.55,-1140593.1,Morava
REF_087,-659160.47,-977128.28,Mumlava
ZVHS_512-013,-544250.5,-1184296,Dlouhá řeka
CHMI_5009,-683275.08,-1109838.37,Pstružný potok
PVL_3366,-813178.25,-1084207.97,Bradava
ZVHS_202-023,-769949,-1053933,Litavka
ZVHS_506-034,-554035.51,-1097326.45,Oskava
ZVHS_213-008,-733389.3,-1055336.1,Dobřejovický
CHMI_1035,-690553.4,-995657.72,Jizera
ZVHS_205-023,-848225.3,-1088529.1,Zubřina
ZVHS_208-026,-746431.3,-1035556.9,Unětický
CHMI_3902,-875616.39,-1097485.2,Nemanický potok
ZVHS_504-042,-684123,-1176708.65,Moravská Dyje
PLA_288,-614596.8,-1053210.7,Kněžna
CHMI_1155,-446888.64,-1116644.01,Olše
PMO_JPTHu003,-676035.72,-1129669.49,Maršovský potok
REF_046,-722789.44,-1052145.67,Dobročovický potok
ZVHS_104-015,-685403.3,-1067739.9,Vrchlice
ZVHS_108-030,-665448.15,-1058874.61,Brložský potok
PLA_121,-610186.1,-1056413.3,Zdobnice
REF_080,-634851.59,-990527.84,Lysečínský potok
ZVHS_110-005,-605374.4,-1056108,Rybenský p.
ZVHS_211-011,-769905.8,-1137890.3,Divišovka
PLA_69,-719421,-1035325,Jizera
CHMI_1016,-751542.15,-992719.97,Labe
POD_5570,-462733.9,-1146444.4,Bílá Ostravice
ZVHS_501-040,-600466.14,-1142768.52,Lažánka
CHMI_0102,-712035.86,-1036730.19,Labe
CHMI_1095,-765479.91,-1054085.46,Loděnice
ZVHS_509-031,-599886.01,-1122239.99,Bohuňovka
CHMI_1065,-702911.1,-1088352.25,Želivka
ZVHS_514-011,-534365.01,-1177161.26,Burava
POH_1194,-792429,-970346,Rašeliník
POH_1119,-880436,-1022593,Odrava
REF_090,-784234.64,-1078709.52,Obecnický potok
ZVHS_206-005,-656028.5,-1110810.4,Doberský
PLA_335,-713600,-1051744,Šembera
ZVHS_109-003,-675969.3,-1049791.5,Radovesnický p.
REF_115,-713751.67,-1052084.09,Šembera
CHMI_1083,-819769.24,-1068948.54,Úslava
ZVHS_208-032,-756405.4,-1021231.9,Červený potok
PVL_2636,-736949.23,-1189678.55,Veveřský potok(př.Stropnice)
ZVHS_210-050,-709625.2,-1105251.2,Lukavecký p.
ZVHS_206-014,-664462.3,-1109994.8,Šlapanka
ZVHS_218-024,-793080.8,-1129540.2,Smiradický p.
CHMI_5600,-690015.63,-1115876.09,Jankovský potok
ZVHS_111-031,-627419.6,-1003091.17,Úpa
CHMI_3952,-567389.12,-1086539.93,Morava
ZVHS_206-040,-687363.72,-1094110.29,Olešenský potok
PMO_SPPLi037,-568107.14,-1170351.25,Litava (Cézava)
CHMI_3258,-734924.24,-1134610.25,Lužnice
CHMI_3636,-562723.58,-1065918.25,Branná
PLA_326,-617349.9,-1036375.2,Dědina
ZVHS_213-009,-732527.9,-1051538.4,Pitkovický
ZVHS_201-066,-708366.62,-1075306.4,Živý potok
POD_5573,-467950.7,-1131681.6,Frýdlantská Ondřejnice
ZVHS_220-047,-855702,-1072722,Úhlavka
PVL_2614,-755794.68,-1167536.68,Malše
PVL_2901,-806720.12,-1151053.56,Volyňka
PVL_1056,-775610.4,-1125993.67,Otava
ZVHS_109-018,-690877.1,-1035756.3,Velenický p.
CHMI_3682,-513202.628,-1127201.397,Velička
PMO_XPPTu011,-544875.78,-1115157.51,Trusovický potok (Trusovka)
ZVHS_202-024,-765478,-1054114,Loděnice
CHMI_3449,-746331.79,-1017546.29,Bakovský potok
CHMI_3045,-613295.92,-1022142.47,Metuje
CHMI_3566,-510406.53,-1068622.86,Zlatá Opavice
ZVHS_508-015,-511914.35,-1132396.71,Bečva
ZVHS_305-030,-756811.6,-1003971.5,HMZ
CHMI_5036,-756504.77,-1074206.45,Kocába
ZVHS_207-060,-731963.09,-1171993.89,Podřezanská stoka
PLA_132,-652823.2,-1086512.5,Chrudimka
CHMI_1002,-644262.24,-1009967.79,Labe
PMO_ZPPBn004,-534597.59,-1178397.61,Březnice
REF_045,-590755.02,-1057027.62,Divoká Orlice
POH_1169,-813038,-984550,Kamenička
CHMI_3421,-778897.5,-1081593.15,Litavka
CHMI_3909,-858384.42,-1111211.17,Kouba
ZVHS_502-001,-611859.9,-1197787.4,Litobratřický p.
PMO_ZPPNi001,-523931.01,-1187992.94,Nivnička (Bystřička)
ZVHS_202-018,-755424.1,-1051177.1,Radotínský p.
CHMI_1051,-735757.02,-1145647.06,Nežárka
POH_1157,-887026,-1025985,Odrava
POD_5006,-466886.1,-1094346.5,Odra
PVL_2966,-775297.09,-1142959.21,Blanice
ZVHS_217N004,-792936.2,-1058133.6,Jablečný p.
ZVHS_512-005,-521034.8,-1186011.1,Luhačovický p.
ZVHS_501-009,-598924.9,-1136482.5,Býkovka
ZVHS_401-050,-508535.5,-1053392.6,Karlovský p.
ZVHS_306-017,-737966.6,-963852.2,Olešnička
CHMI_5057,-753819.94,-1030692.25,Dřetovický potok
PMO_ZPPLt012,-506908.91,-1166371.23,Lutoninka
PLA_90,-689800.4,-1069408.1,Vidický potok
PVL_2519,-767309.67,-1173593.34,Křemžský potok
PVL_2032,-793460.74,-1059332.18,Zbirožský potok
CHMI_1170,-499341.98,-1153367.56,Vsetínská Bečva
CHMI_3764,-586270.55,-1204237.36,Trkmanka
ZVHS_515-047,-641293.06,-1193633.94,Leska
PVL_2531,-762594.73,-1155333.36,Bezdrevský(Netol.) potok
ZVHS_501-049,-590191.95,-1161227.57,Říčka
PLA_227,-590989.9,-1059000.4,Divoká Orlice
POH_20370200,-792082.3,-969376.18,Flájský potok
PVL_5005,-715464.62,-1089661.72,Blanice
PLA_114,-609428,-1014189,Židovka
ZVHS_402-027,-485616.8,-1122320.4,Sedlnice
ZVHS_104-074,-700502.59,-1054532.98,Bečvárka
POH_1053,-704410,-979474,Ploučnice
POD_5024,-476120.7,-1103351.9,Porubka
CHMI_3461,-789613.73,-965691.71,Moldavský potok
PVL_3041,-866988.1,-1056862.63,Sedlištský potok
ZVHS_210-012,-695053.4,-1126891.9,Vlásenický
ZVHS_515-042,-645282.9,-1186895.18,Mramotický potok
PMO_SPTVi011,-631472.07,-1100690.09,Svratka
ZVHS_108-038,-671700.3,-1066602.9,Strakočský p.
PMO_KPPKY012,-562583.05,-1183444.42,Kyjovka
CHMI_1033,-661441.57,-992535.3,Jizera
PMO_ZPPBK013,-507680.01,-1166951.84,Bratřejovka
PMO_YPPHl002,-556580,-1133768.74,Hloučela
PVL_2151,-770009.17,-1203970.56,Větší Vltavice
CHMI_1086,-790434.65,-1049532.61,Berounka
ZVHS_517-024,-560167.4,-1168740.8,Litenčický p.
ZVHS_108-060,-661013.46,-1066233.09,Mlýnský potok
CHMI_5058,-738958.38,-1041365.31,Rokytka
ZVHS_210-046,-702068.8,-1112994.1,Bořetický
PVL_2950,-800620.7,-1100701.8,Lomnice
POH_1360,-722939,-986796,Robečský potok
PLA_135,-643200.4,-1068079.7,Chrudimka
CHMI_1058,-776105.05,-1133800.66,Blanice
CHMI_3965,-626498.66,-1005927.4,Úpa
ZVHS_108N001,-628490.8,-1059090.9,PP Ředického p.
ZVHS_104-021,-686451,-1058189.6,Polepka
CHMI_1049,-736641.65,-1146030.38,Lužnice
CHMI_1175,-540454,-1183258.36,Olšava
ZVHS_203-011,-757811.9,-1190459.2,Žďárský p.
POH_1088,-778618,-981748,Bouřlivec
CHMI_1080,-821777.7,-1072910.99,Úhlava
CHMI_3466,-739123.45,-944925.95,Vilémovský potok
ZVHS_511-002,-657077.8,-1149397.7,Okříšský p.
ZVHS_217-041,-794771.8,-1058853.2,Koželužka
PLA_183,-664296.9,-977668,Jizera
ZVHS_210-067,-694213.56,-1106230.64,Martinický potok
ZVHS_305-005,-738180.3,-1012563.3,Cítovský p.
POH_1529,-871678,-1001383,Rotava
REF_014,-622846.06,-1091111.3,Desná
ZVHS_205-002,-835855.8,-1072025,Kbelanský p.
ZVHS_301N001,-737171.9,-966191.4,VT 109
POH_1190,-789985.88,-969297.38,Flájský potok
ZVHS_206-016,-672243.4,-1111107.2,Úsobský
CHMI_1210,-670143.36,-1104806.25,Sázava
CHMI_1029,-678122.39,-1058431.82,Doubrava
CHMI_1098,-885667.11,-1019206.11,Ohře
POH_100201,-880424,-1022624,Odrava
CHMI_3286,-809320.12,-1121933.05,Otava
ZVHS_105-011,-688716.3,-970565.9,Radčický p.
POD_5585,-550179.7,-1030795.4,Vojtovický potok
PMO_ZPPLP018,-518954.83,-1181998.05,Luhačovický potok
POD_5215,-517915.8,-1098756.4,Moravice
ZVHS_107-019,-596332.39,-1009298.25,Stěnava
ZVHS_215-018,-746720.9,-1096354.1,Sedlecký
CHMI_3567,-533564.03,-1043423.66,Bělá
ZVHS_201-014,-715956.9,-1096023.8,Brodec
REF_054,-675554.52,-1126838.39,Jiřínský potok
PVL_3056,-870845.4,-1058685.58,Sedlištský potok
POH_1110,-719723,-982804,Ploučnice
ZVHS_504-038,-664961.5,-1143746.4,Jestřebský p.
PMO_YPPMA024,-532903.99,-1165616.47,Morava
POH_1488,-775588,-982142,Bílina
REF_088,-853556.18,-1064699.36,Mže
CHMI_3814,-751806.36,-1058414.66,Berounka
CHMI_1171,-501151.65,-1136106.38,Bečva
REF_063,-531245.62,-1200936.48,Kazivec
REF_095,-780331.58,-1130315.5,Otava
POD_5328,-458890,-1117810.2,Lučina
REF_055,-742482.68,-954862.12,Kamenice
CHMI_3169,-716319.39,-1039706.98,Výmola
CHMI_3267,-710095.45,-1148134.87,Kamenice
ZVHS_501-041,-597099.44,-1134419.8,Lysický potok
POD_5586,-550955.9,-1030492.3,Lánský potok
ZVHS_108-005,-642008.3,-1056224,Ředický p.
REF_002,-620951.48,-1166784.23,Oslava
POD_5021,-478733.4,-1112149.4,Ondřejnice
CHMI_1186,-665798.17,-1129527.97,Jihlava
ZVHS_104-038,-697026.7,-1044199.5,Káča
ZVHS_217-027,-799173.2,-1070085.9,Holoubkovský p.
ZVHS_218-003,-825488.9,-1119972.8,Ostružná
PVL_8960,-746713.83,-1064328.39,Zahořanský potok(př.Vltavy)
PMO_BPTKa001,-477397.72,-1157014.54,Stanovnice (Velká Stanovnice)
POH_1131,-853446,-1022550,Havraní potok
POD_5563,-479244.5,-1132603.2,Lubina
ZVHS_216-018,-790154,-1035631,Lišanský p.
PLA_154,-701169.7,-1052902.3,Výrovka
CHMI_3530,-703013.35,-959013.1,Lužická Nisa
PVL_2758,-715681.94,-1154424.46,Nežárka
CHMI_1154,-469596.57,-1102178.01,Lučina
PMO_DPPMD017,-684823.01,-1166928.06,Moravská Dyje
PVL_3615,-808423.03,-1048825.36,Kralovický potok
ZVHS_306-001,-779078.8,-989115.6,Mukovský p.
CHMI_3209,-797952.09,-1173979.75,Vltava
PVL_2626,-756221.23,-1193563.13,Dobechovský potok
PLA_180,-683422.5,-956674.1,Řasnice
REF_026,-803691.16,-1144675.18,Spůlka
PMO_SPPKi036,-593322.09,-1149014.12,Křtinský potok
PVL_8962,-766995.15,-1111354.04,Jickovický potok(př.Vltavy)
CHMI_7140,-709878.89,-1144653.24,Račí potok
PVL_2039,-760063.23,-1059480.16,Svinařský potok
ZVHS_504-032,-669786.7,-1128206.5,Smrčenský p.
ZVHS_213-006,-735829.9,-1056848.7,Botič
ZVHS_105-017,-682408.1,-953230,Arnoltický potok
ZVHS_104-008,-679733.4,-1068731,Olšanský p.
REF_104,-709289.38,-1080746.57,Sázava
ZVHS_505-019,-542637.22,-1154940.33,Popovický potok (Popůvka)
ZVHS_205-035,-828987.7,-1078528.4,bezejmenný p.
PVL_3253,-726595.47,-1172530.23,Koštěnický potok
ZVHS_217-015,-813932.1,-1083202.7,Olešenský p.
PVL_3374,-809625.83,-1100237.3,Myslívský potok
PMO_XPPBr002,-578500.77,-1086866.04,Březná
PVL_2726,-751341.46,-1121971.26,Smutná
ZVHS_501-036,-610339.75,-1140749,Besének
PLA_163,-670896.7,-979717.5,Kamenice
PLA_308,-657301.8,-1085123.8,Chrudimka
PMO_SPPKu029,-606780.51,-1148771.58,Kuřimka
POD_5517,-483378.3,-1078771.4,Bílá Voda
ZVHS_510-016,-569294.5,-1095821.8,Květínský p.
POH_1483,-736091,-960645,Kamenice
ZVHS_511-008,-633441,-1155183.4,Okarecký p.
POH_1374,-795898,-981855,Loupnice
PVL_8958,-713255.34,-1112051.31,Trnava
CHMI_3418,-788494.96,-1037978.66,Rakovnický potok
REF_082,-575606.71,-1096409.81,Mírovka
PLA_225,-638638.4,-1070622.5,Ležák
PVL_2204,-855744.41,-1109247.76,Hájecký potok (př. Kouby)
PMO_YPPRu012,-530126.8,-1152610.13,Rusava
CHMI_1084,-817204.08,-1067547.47,Berounka
REF_074,-444770.42,-1135996.74,Lomná
ZVHS_204-030,-762366.34,-1183369.99,Zubčický p.
CHMI_3961,-546597.23,-1140896.21,Blata
ZVHS_204-038,-767112.9,-1173760.4,Křemžský p.
PMO_KPNNM004,-599126.5,-1194391.07,Dyje
POH_1058,-712719,-982884,Panenský potok
ZVHS_219-066,-734211.06,-1140465.82,Doňovský potok
CHMI_7056,-777592.36,-1080275.98,Litavka
PMO_SPPLb025,-614784.27,-1140830.07,Libochovka
ZVHS_403-070,-479329.2,-1107919.7,Polančice (původní402-042)
ZVHS_201-035,-712587,-1069182.5,Nučický
PMO_JPTMo004,-640305.75,-1130476.15,Babačka
PMO_SPPSi027,-596799.24,-1119331.44,Svitava
ZVHS_208N001,-772294.3,-1020427.4,Bakovský p.
CHMI_1052,-820903.51,-1128396.38,Otava
CHMI_5046,-750520.4,-1025708.88,Knovízský potok
ZVHS_212-031,-823323,-1041561,Manětínský potok
POH_1270,-735613,-1013140,Pšovka
ZVHS_111-025,-629520.1,-990948.3,Bobr
ZVHS_213-002,-748079.8,-1062441.9,Bojovský
PVL_2922,-792730.11,-1154154.19,Blanice
ZVHS_216-012,-792277.3,-1026999.8,Novodvorský p.
ZVHS_104N001,-682690.2,-1068260.1,Křenovka
PVL_3328,-819576.63,-1071464.84,Božkovský potok (př. Úslavy)
ZVHS_219-035,-733843.87,-1123510.37,Kozský p.
ZVHS_512-029,-546932.37,-1181020.91,Medlovický p.
PMO_YPPHa004,-565974.15,-1154616.29,Haná
ZVHS_101N001,-631601.6,-1033322.8,Smržovský p.
PLA_139,-665307.9,-1056950,Opatovický kanál
POH_1129,-858660,-1039710,Teplá
CHMI_4001,-638024.15,-1062078.36,Loučná
CHMI_3706,-783456.69,-1085702.87,Litavka
ZVHS_204-042,-788403,-1186844,Ostřice
PVL_2144,-807323.21,-1174884.57,Studená Vltava
ZVHS_306-007,-771123.2,-973948.3,Bohosudovský p.
POH_1197,-792392,-968497,Flájský potok
POD_5022,-479402.6,-1107842.3,Polancice
PVL_2616,-725585.55,-1178005.88,Dračice
PLA_307,-650563.9,-983558.4,Labe
REF_103,-694280.76,-1089773.81,Sázava
ZVHS_402-039,-475770.3,-1118860,Košice
PMO_BPPJu005,-501540.62,-1136423.92,Juhyně
POH_1141,-847457,-1017531,Lomnický potok
PMO_YPPBl011,-553498.4,-1127519.28,Blata
PLA_196,-646638.9,-1079007.9,Chrudimka
ZVHS_206-013,-658902.8,-1121099,Ochozský
CHMI_1204,-649755.88,-1167559.87,Rokytná
ZVHS_216-014,-790234.9,-1029656.3,Lišanský p.
PLA_87,-670185.7,-972107.2,Hřebový potok
ZVHS_402-021,-495224.3,-1112745.8,Bravinský p.
PMO_YPTOp002,-575270.25,-1149189.75,Malá Haná
CHMI_3482,-900378.02,-997972.55,Lužní potok
ZVHS_401-043,-512197.8,-1088637.3,Heřmanický p.
ZVHS_106N001,-675181.9,-1006014.9,Libuňka
ZVHS_504-027,-678789.9,-1141694.2,Valchovský p.
PVL_1039,-747544.78,-1021072.04,Vltava
REF_010,-553496.2,-1110760.56,Morava
CHMI_3465,-732951.49,-951304.27,Křinice
ZVHS_102-065,-614792.67,-1081497.28,Loučná
ZVHS_201-069,-715651.86,-1089776.35,Orlina
REF_112,-752028.4,-1130268.85,Smutná
PMO_SPPBi033,-622151.97,-1146199.08,Bílý potok
ZVHS_517-025,-564290,-1169498.9,Hvězdlička
ZVHS_403-060,-472202,-1099105,Černý příkop
ZVHS_216-011,-792247.3,-1025350.1,Lišanský p.
PVL_2523,-765612.31,-1178635.45,Vltava
PVL_2903,-804497.12,-1148305.99,Volyňka
CHMI_0140,-627318.84,-1002929.72,Úpa
ZVHS_102-013,-621585.4,-1075832.9,Knířovský p.
ZVHS_401-014,-502807,-1077967.2,Hořina
CHMI_3459,-832044.38,-985543.47,Černá voda
POH_101201,-850388.13,-1017203.74,Lomnický potok
ZVHS_214-004,-810216,-1144075.4,Zdíkovský p.
PVL_8959,-700769.97,-1152932.52,Hamerský potok(př.Nežárky)
POH_1459,-800526,-1013375,Blšanka
CHMI_3453,-841050.03,-1007199.57,Ohře
CHMI_3493,-893622.11,-1000365.5,Bílý Halštrov
ZVHS_209-008,-833293.7,-1110627.1,Mochtínský p.
PLA_228,-590097.2,-1060419.1,Orlický potok
ZVHS_504-034,-661271.8,-1133618.1,Kozlovský p.
PLA_171,-704145.7,-1012287.8,Klenice
ZVHS_401-059,-555778.4,-1028904.2,Bílý potok
CHMI_5051,-748626.51,-1053906.82,Radotínský potok
REF_097,-738156.69,-1107481.74,Pbp Košínského
ZVHS_210-009,-694917.36,-1128555.76,Bělá
CHMI_3608,-469707.7,-1102094.6,Ostravice
REF_058,-739919.02,-989140.53,Hrádecký potok
PMO_XPPOl007,-542138.53,-1133373.51,Olešnice (Kokorka)
ZVHS_210-015,-684604.3,-1118246.2,Hajnický
PVL_2057,-710180.08,-1168637.4,Dračice
ZVHS_104-076,-685157.81,-1067438.16,Vrchlice
ZVHS_302-028,-875972,-1018867,Suchý p.
ZVHS_104-072,-688326.88,-1070197.17,Vrchlice
CHMI_3617,-480755.9,-1111918,Odra
ZVHS_402-055,-485234.34,-1110730.74,Bílovka
ZVHS_507-002,-572424.2,-1107587.7,Javoříčka
ZVHS_216-003,-796300.9,-1033948.7,Petrovický p.
PVL_2623,-760708.08,-1195653.86,Zdíkovský potok
PVL_2710,-733865.85,-1159220.72,Lužnice
PMO_SPPPu026,-588772.75,-1142934.77,Punkva
ZVHS_211-033,-779315.37,-1114252,Luční p.
CHMI_0201,-743873.71,-953098.5,Labe
PLA_85,-670964.9,-971669.3,Černá Desná
PVL_2131,-773175.77,-1181449.96,Polečnice (Kájovský potok)
POD_5590,-555846.4,-1028942.4,Bílý potok
ZVHS_515N002,-676976,-1180274.2,Blatnice
POH_1112,-747041,-965304,Ploučnice
PVL_2722,-734496.12,-1123121.09,Chotovinský potok
REF_006,-631860.83,-1202406.09,Dyje
POD_5556,-544799.2,-1035719.1,Vidnávka
ZVHS_201-064,-722616.08,-1106248.78,Blanice
PVL_2652,-758837.42,-1180952.77,bez.př. Velešínského potok
CHMI_7005,-743871.14,-953498.6,Labe
CHMI_5004,-659957.72,-1124174.41,Šlapanka
CHMI_1092,-809487.93,-1052727.88,Střela
CHMI_3648,-553730.09,-1099307.24,Oskava
PLA_148,-651313.2,-1035863.6,Bystřice
CHMI_3922,-761683.93,-1201698.93,Malše
ZVHS_401-076,-506480.91,-1049643.65,Osoblaha
CHMI_1131,-686192.85,-946512.45,Smědá
CHMI_1032,-695858.28,-1038098.66,Mrlina
POH_1096,-763599,-976602,Ždírnický potok
ZVHS_108N002,-636784.9,-1050374.2,Býšťský p.
ZVHS_508-005,-512748.8,-1129888.8,Ludina
ZVHS_510-014,-566068.8,-1087214.5,Loučka
ZVHS_109-024,-695094.3,-1036184.6,Chlebka
CHMI_0202,-743808.85,-954566.24,Labe
PVL_2621,-759525.15,-1201983.16,Tichá
REF_089,-728531.24,-1153365.93,Nežárka
CHMI_3324,-728529.92,-1072664.09,Sázava
ZVHS_207-013,-733613.1,-1163320.7,Prostřední stoka
POD_5548,-538559.9,-1074722.4,Moravice
PVL_2108,-696641.71,-1152107.16,Hamerský potok(př.Nežárky)
CHMI_3556,-581404.14,-1228878.94,Morava
REF_078,-733611.3,-1132076.97,Lužnice
POD_5506,-544734.3,-1058272.3,Bělá
PMO_SPPSi008,-601885.14,-1106862.76,Svitava
ZVHS_210-040,-709442.2,-1117212.7,LP Kejtovského
ZVHS_104-011,-689653.2,-1071448.6,Košický p.
ZVHS_515-045,-654551.7,-1178256.02,Ctidružiský p. km 0.8 - 11.7
PVL_3330,-820420.49,-1061551.35,Třemošná
ZVHS_215-026,-758300.1,-1087737.5,Brzina
POH_1472,-814801,-1006491,Libocký potok
CHMI_1112,-851685.85,-1010444.99,Rolava
PMO_ZPTLu002,-517181.01,-1175453.84,Ludkovický potok
ZVHS_205-037,-855272.7,-1113191.6,Kouba
ZVHS_208-012,-765103.7,-1028083.3,Knovízský
CHMI_1001,-649907.89,-1000627.79,Labe
CHMI_1205,-668446.64,-1185367.8,Dyje
ZVHS_512-023,-523915.34,-1187994.91,Nivnička
PVL_2059,-651984.68,-1114246.81,Nížkovský potok(př.Sázavy)
ZVHS_210-070,-686812.15,-1120232.4,Kladinský potok
PVL_2624,-756869.26,-1196108.65,Kamenice (př.Malše)
ZVHS_504-044,-677218.42,-1133361.6,Jihlava
ZVHS_201-048,-734346.6,-1082734.9,Janovický
ZVHS_515-029,-645989.01,-1177830.21,Nedveka
PLA_287,-631775.7,-1023474.7,Běluňka
PVL_8965,-654039.94,-1112590.73,Sázava
CHMI_1026,-632322.7,-1043722.46,Orlice
PVL_3341,-793326.66,-1052131.03,Zbirožský potok
ZVHS_104-032,-701004.3,-1069139.6,Ostašovský p.
ZVHS_206-032,-689986.38,-1091006.21,Jestřebický p.
PVL_3000,-694271.07,-1106116.89,Martinický potok(př.Želivky)
ZVHS_104-054,-724379.2,-1048128.4,Sibřinský p.
CHMI_1130,-701465.44,-963809.65,Lužická Nisa
PVL_2756,-725599.54,-1159883.9,Nová řeka
ZVHS_515-015,-656083.4,-1176384.3,Syrovický p.
CHMI_1174,-532038.07,-1165965.5,Dřevnice
CHMI_7108,-614622.97,-1129583.64,Svratka
ZVHS_207-066,-714060.84,-1150595.58,Nežárka
PLA_116,-624118.3,-1028155.9,Rozkoš (Šonovský potok)
ZVHS_507-033,-556514.86,-1148218.25,Želečský p.
CHMI_1088,-771024.59,-1050291.6,Berounka
PMO_DPTLa002,-699250.54,-1168590.45,Pstruhovec
CHMI_7051,-865915.83,-1053044.92,Hamerský potok
REF_060,-809698.4,-989586.76,Chomutovka
PLA_129,-614974.7,-1081676.7,Desná (do Loučné)
PLA_174,-736339.6,-1019824.6,Černávka
CHMI_4005,-773908.62,-1121463.9,Otava
REF_109,-496537.42,-1161509.54,Senice
CHMI_3498,-702575.01,-978620.92,Ploučnice
CHMI_3457,-820332.52,-979824.68,Černá
PVL_2676,-747382.68,-1178106.85,Stropnice
ZVHS_215-012,-748351.6,-1090792.5,Mastník
ZVHS_216-017,-788948.8,-1033191.9,Čistý p.
ZVHS_103N035,-660136.5,-1040315.3,Barchovský p.
CHMI_0401,-576320.28,-1219882.67,Morava
ZVHS_101N003,-645021.5,-1026487,Od Vlčích
CHMI_3462,-783001.94,-965611.98,Divoká Bystřice
PMO_JPPRy022,-653450.45,-1165265.83,Rokytná
PMO_SPPNe005,-614601.48,-1129699.68,Nedvědička
PVL_3255,-730134.17,-1162571.36,Lužnice
CHMI_5012,-670826.93,-1106288.58,Úsobský potok
CHMI_1094,-769342.54,-1053635.54,Litavka
CHMI_6900,-693655,-1119602,Bělá
PVL_3001,-879625.95,-1053020.73,Mže
PVL_2723,-754478.35,-1114476.58,Milevský potok(př.Smutné)
ZVHS_402-045,-482443.6,-1123765.2,Kopřivnička
ZVHS_304-009,-846900.16,-1002368.46,Jesenice
REF_059,-710254.97,-1132855.94,Huťský potok
CHMI_3957,-753515.36,-1177336.5,Stropnice
PVL_3057,-864244.21,-1044703.05,Kosový potok (př.Mže)
ZVHS_509-030,-598846.47,-1112841.95,Chrastovský potok
POH_1179,-807419,-985193,Bílina
ZVHS_301-010,-728403.2,-980668.3,Okenský p.
CHMI_1102,-830609.96,-998500.43,Ohře
PVL_3509,-802513.17,-1071305.71,Holoubkovský potok
ZVHS_503-030,-565269.05,-1188746.66,Kyjovka
CHMI_8010,-792868.06,-984475.63,Bílina
PVL_2101,-768103.86,-1153009.06,Bezdrevský(Netol.) potok
PVL_2911,-782272.19,-1149286.84,Zlatý potok(př.Blanice-HV)
CHMI_7208,-821785.15,-1072920.23,Úhlava
ZVHS_516-016,-628659.4,-1142857.7,Bítýška
POH_1531,-882021,-1017724,Sázek
ZVHS_402-057,-478616.72,-1112703.61,Ondřejnice
CHMI_7061,-777244.83,-1087385.77,Příbramský potok
CHMI_3812,-831355.23,-1078891.7,Radbuza
CHMI_1173,-493891.98,-1139854.57,Rožnovská Bečva
PVL_3022,-879883.03,-1053550.83,Sklářský potok
CHMI_3816,-742727,-1040022,Vltava
POH_100102,-891243.99,-1020178.95,Ohře
ZVHS_211-013,-774824.2,-1135089.6,Skalský p.
ZVHS_201-007,-723844.2,-1107717.2,Novoveský
ZVHS_206-024,-673608.9,-1102503,Lučický
ZVHS_208-004,-755614.3,-1035886.3,Zákolanský
REF_065,-564244.83,-1051389.67,Krupá
CHMI_1169,-543707.58,-1151192.79,Haná
CHMI_3735,-635663.37,-1174376.25,Rokytná
CHMI_3639,-565649.25,-1083240.21,Desná
ZVHS_401-073,-509316.78,-1069974.86,Opava
ZVHS_511-012,-661042.27,-1168023.91,Rokytka
ZVHS_402-052,-493416.71,-1120608.84,Jičínka
POH_15384,-896475,-995082,Hranický potok
CHMI_1057,-794964.33,-1135585.83,Volyňka
CHMI_3159,-699936.58,-1040636.45,Výrovka
PMO_KPPDy005,-593587.93,-1199063.27,Dyje
PVL_3035,-824675.4,-1069763.96,Vejprnický potok (př.Mže)
CHMI_3574,-514873.09,-1098841.39,Moravice
POD_5544,-525848.9,-1114294.6,Odra
PMO_JPPJh004,-669461.62,-1133721.62,Jihlávka
PMO_XPPKa015,-562329.32,-1059597.91,Krupá
PVL_2674,-744984.27,-1177561.99,Stropnice
CHMI_7047,-822426.76,-1069298.91,Mže
PMO_BPPVB010,-476069.75,-1154789.75,Vsetínská Bečva
PVL_2605,-756775.86,-1190840.91,Malše
POH_15390,-726628,-985194,Bobří potok
REF_121,-509955.18,-1161369.43,Trnávka
ZVHS_515-001,-671321.4,-1164877.9,Želetavka
POD_5316,-465312.5,-1123130.7,Baštice
POH_1181,-802402,-987471,Bílina
PMO_ZPPVK024,-542598.81,-1199756.13,Velička
PVL_2777,-693864.56,-1151719.54,Studenský potok
ZVHS_112-005,-598717.8,-1070070.6,Dobroučka
PMO_DPNNM009,-603249.61,-1193586.86,Dyje
ZVHS_512-027,-537753.33,-1177562.17,Jalubský potok
ZVHS_208-025,-740748.6,-1036083.8,Drahanský
POH_1507,-855814,-1036722,Teplá
ZVHS_515-021,-631289.4,-1192566.8,Únanovka
ZVHS_205-013,-833578.9,-1079232.2,Dnešický p.
CHMI_1064,-745535.11,-1066110.02,Sázava
ZVHS_201-021,-712525.3,-1083930.9,Chotýšanka
PVL_2802,-822502.38,-1137898.75,Losenice
POH_15385,-788204,-1005687,Ohře
REF_047,-722483.83,-1179866.99,Dračice
PVL_2828,-799448.92,-1124924.4,Březový potok
CHMI_1120,-788315.95,-989592.64,Bílina
CHMI_5049,-755736.77,-1019326.67,Zlonický potok
PLA_165,-684288.7,-995767.3,Libuňka
ZVHS_108-008,-650252.3,-1069727.6,Markovický p.
ZVHS_508-009,-528598.3,-1132886.4,Lubeň
ZVHS_204-040,-762412.2,-1177295.4,Třebonínský p.
CHMI_7116,-616897.02,-1138095.06,Loučka
ZVHS_212-014,-840159.8,-1026075.1,Bochovský potok
PLA_84,-680677,-972987,Kamenice
CHMI_3956,-500558,-1183543.93,Vlára
PMO_SPPRk012,-582097.19,-1169802.72,Rakovec
PLA_128,-614798.3,-1081506.8,Loučná
POH_1266,-804248,-996679,Hačka
PLA_167,-696517.9,-996213.2,Mohelka
PVL_2550,-756908.78,-1159298.79,Kyselá voda
PMO_XPPJe009,-580938.59,-1104747.63,Jevíčka
REF_038,-693438.48,-1158174.07,Bolíkovský potok
ZVHS_513-016,-491347.98,-1140366.31,Zašovský potok
PMO_ZPPLD019,-519285.49,-1181710.28,Ludkovický potok
PMO_YPPMt022,-539108.31,-1150780.49,Moštěnka
PLA_115,-612644.3,-1014149.7,Dřevíč
PMO_YPTOp001,-573485.94,-1150797.87,Malá Haná
ZVHS_102-030,-641664.7,-1092357,Drachtinka
ZVHS_106-035,-694135.5,-1013249.5,Křešovský p.
CHMI_1062,-699455.94,-1087642.41,Sázava
CHMI_1109,-755194.94,-993234.23,Ohře
POH_1398,-885757,-1019180,Slatinný potok
PMO_SPPSv004,-631975.65,-1099535.84,Svratka
CHMI_5024,-729806.64,-1045522.88,Říčanský potok
ZVHS_201-047,-726706.7,-1073417.1,Benešovský
CHMI_1139,-564324.49,-1204225.86,Morava
PLA_146,-670555.5,-1017810.7,Cidlina
POH_1150,-826819,-984560,Přísečnický potok
ZVHS_515-035,-631037.49,-1187787.82,Křepička  km 14.0 - 18.3
REF_133,-492630.93,-1158237.53,Vsetínská Bečva
ZVHS_206-030,-680759.79,-1107146.81,Pstružný
CHMI_5048,-751839.57,-1018763.94,Vranský potok
PVL_2715,-734972.26,-1120633.25,Lužnice
ZVHS_210-022,-689934.36,-1115852.64,Jankovský
ZVHS_402-058,-500708.63,-1126241.02,Luha
CHMI_1132,-565090.41,-1101567.21,Morava
CHMI_5022,-722608.38,-1106293.53,Blanice
PLA_315,-619429,-1023738,Vysokovský potok
PMO_SPPBo031,-632573.8,-1117688.03,Bobrůvka (Loučka)
ZVHS_218-006,-814395.8,-1130525.6,Nezdický p.
REF_009,-562013.92,-1106291.79,Morava
ZVHS_102-027,-639808.7,-1059107.5,Zadní Lodrantka
POH_1087,-778617,-982712,Bílina
PVL_3815,-743280.97,-1035439.25,Vltava
ZVHS_207-031,-703202.6,-1143807.5,Brodek
CHMI_7058,-769350.63,-1053643.23,Litavka
POD_5401,-436395.7,-1135104.5,Olše
ZVHS_402-037,-479728,-1113617.1,Trnávka
ZVHS_507-023,-557419.5,-1150578.1,Tištínka
ZVHS_206-028,-676776.8,-1095960.6,Zbožský
ZVHS_515-034,-643702.69,-1185606.93,Plenkovický p. km 7.0 - 19.7
CHMI_3720,-675594.93,-1130816.47,Jihlava
ZVHS_501-046,-593555.2,-1134996.8,Holešinka
ZVHS_205-001,-841432,-1070842.5,Hlubočka
CHMI_3958,-822641.69,-1137775.34,Otava
ZVHS_501-015,-583468,-1139360.8,Bílá voda
ZVHS_515-004,-671966.3,-1182170.7,Blatnice
PVL_2602,-760347.66,-1200293.85,Malše
ZVHS_208-022,-738333.5,-1017874.2,Kozárovický
ZVHS_212-001,-831852.6,-1065968.3,Myslinka
PMO_JPPBt005,-660060.37,-1138104,Brtnice
PMO_ZPPOk021,-534757.99,-1191256.49,Okluky
ZVHS_215-017,-746028.6,-1096486,Sedlecký
PVL_2024,-847114.28,-1046548.9,Nezdický potok(př.Úter.p.)
ZVHS_501-033,-597470.67,-1174189.88,Dunávka
ZVHS_201-012,-721254.2,-1097254.1,Zvěstovský p.
CHMI_3786,-442899.95,-1123429.73,Olše
PMO_SPTBs002,-586493.99,-1125868.07,Bělá
ZVHS_514-013,-506985.27,-1167821.93,Bratřejovka
ZVHS_515-039,-647669.09,-1192911.33,Mašovický potok
PLA_334,-680891,-1074922,Klejnárka
CHMI_0103,-734136.26,-1019066.96,Labe
CHMI_3970,-896559.94,-1018272.41,Ohře
ZVHS_217-043,-793940.9,-1054042.8,Vejvanovský p.
ZVHS_401-075,-497906.02,-1090666.95,Hvozdnice
CHMI_1078,-836876.46,-1103898.9,Úhlava
PVL_2952,-788055.61,-1111465.81,Lomnice
ZVHS_220-040,-882919.4,-1075775.8,Nivní p.
ZVHS_302-017,-880714.8,-1018968.6,Plesná
ZVHS_502-023,-584770.41,-1210885.24,Včelínek           4-17-01-047
ZVHS_210-016,-685604.66,-1117753.18,Jankovský p.
PVL_3224,-826386.1,-1085735.85,Divoký potok
ZVHS_106N008,-693659,-1012076.1,náhon do Klenice
PMO_ZPPOv016,-513613.98,-1187064.27,Olšava
ZVHS_517-032,-582879.59,-1167291.93,Rakovec
REF_011,-540841.73,-1103879.2,Sitka
ZVHS_102N006,-634944.6,-1067639.3,Kolajka
ZVHS_103N007,-662543.5,-1010472.6,LP Úlibického p.
ZVHS_211-012,-770571.47,-1136255.18,Blanička
PVL_2780,-711925.62,-1152444.85,Hamerský potok(př.Nežárky)
ZVHS_401-077,-533554.88,-1043474.21,Olešnice
PVL_2060,-656224.83,-1106617.95,Borovský potok(př.Sázavy)
ZVHS_210-064,-705001.3,-1105784.9,Smrdovský p.
POH_1116,-734034,-959643,Chribská Kamenice
POH_1771,-878963,-1019309,Ohře
ZVHS_305-032,-750121.9,-1009739.5,Čepel
ZVHS_210-043,-702739.7,-1113149.9,Přední Žlab
ZVHS_202-022,-778382,-1058796,Stroupínský potok
ZVHS_205-036,-831367,-1074203.9,Zálužský p.
ZVHS_107N003,-627638.6,-1030419.3,Jásenský p.
PMO_JPPJi016,-678560.13,-1134593.94,Jihlava
CHMI_3711,-778420.28,-1085889.49,Příbramský potok
CHMI_7800,-704581,-1114737,Kejtovský potok
CHMI_5052,-743391.23,-1045188.67,Botič
CHMI_1044,-747234.06,-1058719.89,Vltava
POH_1010,-823201,-998055,Ohře
PVL_2549,-757676.82,-1161221.26,Dehtářský potok
ZVHS_402-008,-507883.9,-1126229.1,Bělotínský potok
ZVHS_219-017,-735220,-1131359.2,Želečský p.
PVL_2708,-726416.6,-1173679.37,Lužnice
ZVHS_107-013,-606756.2,-1000462,Vernéřovický p.
PLA_71,-703107,-962270,Lužická Nisa
REF_102,-682866.91,-1098842.63,Sázava
ZVHS_501-039,-608925.86,-1140198.88,Besének
PLA_145,-681227.7,-1064699.5,Vrchlice
CHMI_1141,-511016.53,-1070099.92,Opava
PVL_2728,-731436.41,-1138669.41,Dírenský potok
CHMI_1146,-475182.9,-1101546.72,Opava
CHMI_1103,-820005.29,-999485.19,Ohře
PLA_95,-647100.1,-1075341.9,Chrudimka
ZVHS_102-074,-648840.15,-1099019.57,Janský potok (+ Barchanecký)
ZVHS_219-012,-717565.91,-1128922.92,Černovický p.
ZVHS_217-031,-807820.7,-1073045.3,Rakovský p.
PLA_113,-609944.2,-1010936.5,Ledhuje
ZVHS_220-031,-847240,-1046479,Nezdický p.
ZVHS_210-051,-707092.8,-1105273,Martinický
PLA_134,-645987.2,-1077334.5,Chrudimka
POH_1265,-799357,-1005820,Hutná
ZVHS_509-003,-587257.1,-1088695.5,Rychnovský p.
ZVHS_210-063,-706878.4,-1103267.5,Mohelnice
POD_5416,-455703.8,-1114788.9,Stonávka
ZVHS_210-013,-693488.5,-1120599.3,Olešná
CHMI_3270,-709417.01,-1148153.7,Žirovnice
POH_100101,-889550,-1021778,Ohře
PVL_0500,-700728.8,-1094771.95,Sedlický potok
ZVHS_217-020,-819311.1,-1068395,Hrádecký p.
ZVHS_219-024,-729125.2,-1118095.7,Chotovinský p.
PVL_2960,-787896.4,-1092217.85,Skalice
ZVHS_208-005,-754758.1,-1031932.2,Buštěhradský p.
ZVHS_515-038,-656439.92,-1183424.26,Štítarský potok
PMO_JPPTP002,-678149.11,-1139355.92,Třešťský potok
ZVHS_305N002,-738353.9,-994164.3,Obrtka
PVL_3063,-847662.13,-1054245.5,Hadovka
CHMI_3213,-767236.87,-1093654.6,Vltava
CHMI_1101,-845834.16,-1010815.91,Ohře
ZVHS_104-005,-681744.1,-1074493.2,Medenický p.
ZVHS_206-039,-680555.46,-1099564,Pstružný potok
PLA_327,-637047,-1043838,Stříbrný potok
CHMI_3463,-768667.84,-961204.87,Rybný potok
CHMI_1145,-477751.01,-1096083.87,Opava
ZVHS_220-032,-844216.1,-1046720.5,Dolský potok
ZVHS_201-045,-723506.2,-1076860.3,Petroupimský
ZVHS_504-039,-660026.6,-1138116.8,Brtnice
ZVHS_102-076,-667317.44,-1075044.93,Kurvice
CHMI_1161,-475462.42,-1103005.9,Odra
ZVHS_111-016,-630764.6,-1012323.8,Hajnický p.
ZVHS_509N005,-588034.3,-1113804.2,Malonínský p.
CHMI_3643,-568410.68,-1089434.33,Moravská Sázava
PVL_2067,-750643.73,-1018403.32,Bakovský potok
PVL_2146,-769188.68,-1207303.2,Mlýnecký potok
PLA_161,-671255.3,-995894.1,Oleška (do Jizery)
PLA_313,-614593.7,-1038681.5,Dědina
ZVHS_103N006,-663162.3,-1008826.3,Úlibický p.
ZVHS_207-046,-715985.56,-1153821.37,PP Nežárky od Matné
PVL_2737,-752499.37,-1178366.52,Svinenský potok
PVL_2062,-662982.58,-1118310.78,Zlatý potok(př.Šlapanky)
REF_119,-592900.21,-1070805.76,Tichá Orlice
ZVHS_516-012,-626674.9,-1124629.5,Olešná
ZVHS_207-051,-723536.3,-1155393.1,Hatínský p.
REF_024,-751246.27,-1133725.9,Židova strouha
ZVHS_303-003,-819674.3,-1006920.5,Vintířovský p.
PLA_289,-641970.2,-1056159.2,Ředický potok
ZVHS_220-045,-865734,-1054771,Hamerský potok
PLA_130,-640354,-1093296,Chrudimka
PMO_YPPBL014,-548194.89,-1137647.99,Blata
CHMI_1209,-565681.29,-1190664.6,Kyjovka
PVL_2145,-806662.65,-1174448.2,Světlá
CHMI_3468,-852600.59,-1011029.98,Chodovský potok
ZVHS_111-027,-644496.69,-1001177.7,Čistá
ZVHS_503-010,-569413.5,-1181337.2,Soudný p.
CHMI_4600,-694282,-1112257,Trnava
PMO_ZPTFr001,-518727,-1161323.72,Fryštácký potok
PLA_153,-694284,-1037656,Sánský kanál
PLA_107,-627166.8,-1002895.9,Ličná
PVL_3033,-831822.24,-1070711.42,Vejprnický potok (př.Mže)
REF_039,-848824.74,-1001988.75,Bystřice
CHMI_3319,-687193.39,-1094237.81,Sázava
PVL_2150,-768512.58,-1206851.07,Větší Vltavice
ZVHS_102-075,-659766.35,-1089434.85,Novoveský potok
PVL_2100,-693664.39,-1102621.4,Blažejovický potok(př.Želivky)
CHMI_1200,-596127.13,-1123298.31,Svitava
POD_5301,-461555.4,-1144434.9,Ostravice
ZVHS_401-063,-551247.9,-1033127.9,Vojtovický potok
REF_076,-584202.91,-1134969.14,Luha
PVL_2537,-758489.49,-1135860.56,Vltava
REF_052,-475279.47,-1151524.87,Jezerní potok
CHMI_1168,-548334.3,-1143584.09,Valová
PLA_151,-687670,-1028796,Mrlina
ZVHS_106-051,-728308.6,-1022009.5,Jelenický p.
ZVHS_108-013,-648867.5,-1058437.2,Brozanský p.
REF_027,-794825.84,-1163383.37,Blanice
POH_203101,-827044,-985607,Přísečnice
ZVHS_102-014,-620763.8,-1070538,Slatinka
ZVHS_112-018,-620909.99,-1060849.75,Čermná
CHMI_1023,-632692.49,-1028569.73,Metuje
CHMI_4008,-566454.09,-1069540.69,Morava
CHMI_0101,-658503.23,-1060002.91,Labe
PLA_157,-700165,-1041501,Šembera
CHMI_3478,-719955.91,-951272.83,Mandava
ZVHS_517-031,-581412.05,-1169931.49,Litava
ZVHS_105-005,-664121.4,-1005030.4,Popelka
ZVHS_111-029,-638358.78,-1006547.85,Pilníkovský potok
CHMI_3570,-529428.7,-1047388.4,Zlatý potok
ZVHS_219-025,-725486.49,-1120283.6,Velmovický p.
PVL_3603,-842194.13,-1027938.49,Střela
CHMI_4011,-526831.02,-1186096.14,Olšava
PVL_3132,-848413.07,-1088588.49,Zubřina
CHMI_3140,-659180.37,-1021785.39,Javorka
PVL_2610,-754978.72,-1176399.06,Malše
POH_1130,-860452.4,-1037521.9,Teplá
CHMI_5034,-749040.12,-1084000.98,Mastník
ZVHS_511-032,-637995.58,-1140221.5,Vodra
CHMI_1117,-789119.42,-1005258.16,Chomutovka
PVL_1061,-737221.92,-1070280.4,Sázava
REF_100,-865016.86,-1021497.87,Psí potok
PVL_3501,-797716.98,-1075260.71,Klabava
ZVHS_104-018,-679941.2,-1060006.3,Černá strouha
ZVHS_202-015,-760705.6,-1060045.3,Bělečský p.
PVL_3135,-826471.74,-1073522.17,Luční potok
ZVHS_215-029,-737955.9,-1097477.15,Mastník
CHMI_1152,-469678.41,-1100338.02,Ostravice
PVL_4802,-697350.26,-1111517.07,Trnava
ZVHS_207-024,-707011.8,-1133051.68,Kamenice
PVL_2617,-709266.88,-1144374.87,Kamenice (př.Nežárky)
ZVHS_403-033,-460304.7,-1109969.9,Lučina
PLA_137,-636725,-1071312,Žejbro
ZVHS_211-058,-784169.32,-1108100.15,Ostrovský potok
PLA_156,-708123,-1046826,Šembera
CHMI_7028,-743559.5,-1046344.95,Vltava
PMO_XPPOa010,-550818,-1096509,Oslava
ZVHS_206-041,-664462.68,-1190919.1,Krupský potok
PMO_YPPBd005,-555434.92,-1148664.87,Brodečka (Drahanský potok)
CHMI_1042,-756736.3,-1157727.8,Vltava
CHMI_5031,-728136.91,-1073073.3,Konopišťský potok
ZVHS_201-067,-728390.75,-1073273.1,Konopišťský potok
POH_10245,-751688,-976046,Luční potok
ZVHS_212-029,-804839.9,-1044515.7,Kožlanský p.
ZVHS_206-037,-656342.32,-1106435.05,Bělá
PVL_2757,-727174.07,-1156142.86,Nežárka
ZVHS_510-023,-565162,-1098403.6,Doubravka-Stavenice
CHMI_7213,-737844.45,-1017761.74,Vltava
ZVHS_403-049,-455023.5,-1114868.2,Stonávka
PMO_ZPPVK023,-534088.77,-1204144.55,Velička
CHMI_1134,-546457.19,-1128694.47,Morava
ZVHS_516-005,-608906.8,-1125139.4,Olešnický p. (Hodonínka)
PVL_2202,-694110.27,-1133127.82,Bělá (př.Želivky)
PVL_2546,-773355.43,-1181322.96,Chvalšinský potok
CHMI_5020,-704262.35,-1086133.7,Štěpánovský potok
PVL_2036,-797055.89,-1034016.3,Rakovnický potok
PVL_2625,-757288.82,-1195358.91,Kamenice (př.Malše)
ZVHS_305N006,-764986.3,-1002531.6,Klapský p.
ZVHS_212-024,-831288.3,-1040866.2,Starý p.
REF_050,-590329.85,-1051105.86,Hadinec
POH_1275,-749913,-995200,Úštecký potok
POH_1271,-736539,-1008008,Liběchovka
ZVHS_402-019,-498388.8,-1112016.7,Gručovka
ZVHS_217-023,-802687.3,-1078295.3,Skořický p.
PMO_SPTVi014,-620270.71,-1107218.96,Svratka
ZVHS_504-022,-691330.5,-1172835,Slavonický potok
ZVHS_109-011,-688937.2,-1028660.5,Kozačka
ZVHS_501-048,-592587.37,-1176161.08,Moutnický p.(Borkovanský)
ZVHS_208-031,-758180.55,-1020206.8,Bakovský potok
CHMI_7035,-768193.37,-1082186.73,Kocába
PMO_ZPTLu001,-517788.07,-1177080.05,Ludkovický potok
CHMI_1163,-466613.35,-1092443.93,Odra
PMO_SPPLi011,-581414.99,-1169935.88,Litava (Cézava)
REF_019,-611366.64,-1151074.07,Bílý potok
ZVHS_403-043,-483256.4,-1105987.9,Polančice
POH_1055,-706183,-978648,Ještědský potok
ZVHS_501-037,-586017.45,-1137547.2,Punkva
ZVHS_104-028,-698506.4,-1069521.4,Mančický p.
PLA_81,-679366.9,-970734,Blatný potok
ZVHS_103-006,-668424.5,-1015070.9,Trnávka
CHMI_0402,-583711.67,-1214717.33,Dyje
PLA_89,-669533.8,-974071.9,Černá Desná
ZVHS_106-056,-736371.1,-1019838.8,Černavka
PLA_168,-699308.9,-999998.4,Zábrdka
POD_5319,-458753.6,-1126316.1,Morávka
PMO_YPPRo015,-560115.67,-1131163.55,Romže
CHMI_1063,-711939.15,-1070701.67,Sázava
CHMI_1127,-743360.9,-954616.21,Kamenice
ZVHS_219-023,-728106.3,-1117973.2,Ratibořský p.
PVL_2651,-757463.79,-1179812.74,bez.př. Malše
ZVHS_104-078,-688185.45,-1053908,Hluboký potok
PMO_SPTVi003,-619269.93,-1113995.02,Svratka
POD_5501,-529445.4,-1047518.7,Zlatý potok
PLA_181,-687343.3,-953709.4,Smědá
CHMI_1190,-616113.9,-1170987.58,Rokytná
ZVHS_220-049,-844914,-1053607,Úterský potok
ZVHS_202-019,-751737.6,-1051663,Radotínský p.
REF_053,-685568.79,-1117717.99,Jankovský potok
ZVHS_102-009,-618594.6,-1074626.4,Sloupnický p.
ZVHS_205-032,-839341,-1089403.7,Merklínka
CHMI_3907,-857731.23,-1111204.21,Hájecký potok
PVL_2609,-755852.33,-1178777.18,Malše
ZVHS_205-029,-846164.9,-1084306.1,Chuchla
CHMI_7008,-639261.18,-1042425.9,Orlice
PVL_1081,-836030.48,-1105355.56,Drnový potok
CHMI_7052,-817313.43,-1067599.21,Berounka
PMO_SPPFs018,-620446.78,-1108673.73,Fryšávka
ZVHS_401-017,-497940.9,-1085981.5,Jaktarka (Velká)
PMO_XPPMi003,-566395.96,-1098454.22,Mírovka
CHMI_1108,-762719.64,-1004353.78,Ohře
ZVHS_212-003,-827621.2,-1066357.9,Malesický p.
CHMI_5059,-727222.45,-1078502.09,Benešovský potok
ZVHS_220-007,-865815.9,-1051340.3,Planský p.
CHMI_1203,-631339.55,-1156552.26,Oslava
ZVHS_220-015,-861552.5,-1052219.2,Týnecký p.
CHMI_3623,-458897.5,-1117872.8,Lučina
POH_1465,-809309,-1003649,Ohře
PLA_54,-616576.4,-1030000.9,Metuje
ZVHS_403-062,-467934.77,-1131685.61,Frýdlandská Ondřejnice
ZVHS_502-010,-582899.4,-1209107.1,Ladenská strouha
ZVHS_110-036,-608362.71,-1048158.35,Kněžná (místo Uhřínovského p.)
ZVHS_401-074,-505171.71,-1077912.4,Čižina
PLA_150,-679140,-1023740,Mrlina
ZVHS_112-003,-592802.2,-1071007,Čermná
PLA_205,-622627.7,-1023498.2,Úpský přivaděč
PVL_8913,-792098.78,-1107408.56,Závišínský potok
PMO_SPPSv014,-609297.83,-1150336.52,Svratka
CHMI_1147,-519218.32,-1092949.38,Moravice
ZVHS_501-020,-604399.6,-1164239.9,Troubský p.
PMO_ZPTSl001,-510577.15,-1161350.77,Dřevnice
PLA_104,-642717.9,-1007846.1,Pilníkovský potok
PMO_SPPSi035,-593428.11,-1144571.04,Svitava
REF_084,-552523.33,-1196027.22,Morava
PLA_226,-591054.5,-1058990.2,Zbudovský potok
PVL_2058,-792779.51,-1129519.41,Volyňka
ZVHS_205N006,-833699.9,-1080507.4,Dnešický p.
ZVHS_219-064,-754874.49,-1133920.27,Bílinský p.
PMO_DPPJv019,-641940.74,-1181966.67,Jevišovka
CHMI_4003,-715362.87,-1028356.26,Jizera
PVL_2904,-801711.73,-1145555.93,Volyňka
ZVHS_209-013,-830318.1,-1103529.6,Měcholupský p.
ZVHS_507-012,-565272.8,-1134531.9,Kleštínek
PVL_8964,-699257.07,-1087550.07,Ostrovský potok(př.Sázavy)
PVL_3616,-790071.48,-1035521.97,Lišanský potok
ZVHS_201-071,-728036.79,-1099103.96,Slupský potok
PMO_BPPRb012,-490450.56,-1141239.49,Rožnovská Bečva
ZVHS_209-012,-831789.2,-1105001.7,Točnický p.
ZVHS_403-064,-465013.45,-1098848.13,Stružka
PVL_2203,-857271.06,-1110284.62,Hájecký potok (př. Kouby)
ZVHS_515-026,-616911.9,-1189155.7,Miroslávka
PMO_YPNHL026,-565671.81,-1134336.03,Hloučela
REF_036,-779401.57,-1144157.45,Blanice
PLA_199,-678544,-970540.1,Kamenice
PMO_ZPTBj001,-509925.99,-1185789.49,Kolelač
CHMI_7118,-618395.19,-1136345.41,Hadůvka
CHMI_8020,-689507.62,-1052592.45,Labe
CHMI_7046,-852749.48,-1065212.96,Mže
CHMI_1071,-824589.46,-1068473.15,Mže
POH_1059,-711472,-986026,Ploužnický potok
PMO_DPTNr002,-675237.06,-1155476.47,Řečice (Olšanský potok)
CHMI_3473,-896501.91,-1020153.55,Reslava
PLA_176,-694500.6,-969040.6,Lužická Nisa
ZVHS_206-026,-677094.8,-1095978.2,Sázavka
POH_1107,-853339.9,-1022006,Teplá
PVL_5033,-758311.57,-1087625.19,Brzina (př.Vltavy)
ZVHS_205-042,-856334,-1109498,Hájecký potok
ZVHS_401-008,-513950.2,-1065345.4,Kobylí p.
PMO_BPPBs006,-497566.41,-1145679.25,Bystřička
ZVHS_209-019,-826948.8,-1085136.2,Lukavický p.
ZVHS_513-015,-489745.39,-1160298.57,Zděchovka
PMO_ZPPMA015,-540482.44,-1181529.24,Morava
CHMI_3960,-757505.55,-1137449.65,Vltava
POH_1657,-820423,-999039,Ohře
ZVHS_402-054,-487619.3,-1116069.09,Sedlnice
ZVHS_107N002,-614441.7,-1032329.6,Janovský p.
PVL_2910,-794421.79,-1140759.94,Volyňka
CHMI_7135,-715110.09,-1151488.18,Nežárka
PVL_2657,-754951.85,-1187715.93,Budský potok
PVL_8032,-777876.79,-1203096.95,Vltava
ZVHS_201-070,-732955.23,-1082144.19,Nesvačilský potok
POH_1191,-790072.13,-969092.33,Mackovský potok
POH_15386,-766436,-970402,Ždírnický potok
ZVHS_509-032,-611512.8,-1108218.9,Baldovský potok
ZVHS_512-016,-530522.98,-1178121.79,Zlámanecký potok
ZVHS_213N003,-735703.6,-1056675.8,Botič
ZVHS_511-033,-660468.76,-1168230.47,Jakubovský potok
REF_064,-859250.68,-1054575.54,Kosový potok
ZVHS_302-003,-889096.9,-1021925.3,Břehnický p.
PMO_SPTVi001,-615245.04,-1117766.4,Svratka
CHMI_3912,-867214.57,-1108671.48,Teplá Bystřice
REF_066,-783753.77,-973543.68,Křižanovský potok
CHMI_1090,-745893.74,-1053098.33,Berounka
ZVHS_103-024,-672238.17,-1014888.91,Cidlina
PVL_2630,-750217.37,-1200983.46,Pohořský potok
PLA_126,-615194.9,-1068712.9,Tichá Orlice
PVL_2130,-664190.25,-1121359.18,Mlýnský potok(př.Zlatého potok)
REF_123,-793358.2,-1078907.09,Třítrubecký potok
ZVHS_111-006,-637424.6,-1005136.3,Vlčický p.
POD_5516,-553667.7,-1030346.3,Javornický potok
PMO_BPPJu013,-511652.26,-1140135.49,Juhyně
PMO_DPPSk008,-630516.93,-1191918.22,Skalička
REF_075,-800116.92,-1096211.41,Lomnice
CHMI_1089,-765594.77,-1056703.84,Berounka
POH_1269,-805430,-974247,Svídnice
ZVHS_507-005,-564451.2,-1121119.2,Šumice
CHMI_3725,-629270.4,-1168035.96,Jihlava
POD_5547,-533318,-1063688.5,Bílá Opava
CHMI_3959,-784448.84,-1150079.88,Blanice
PMO_JPPBa020,-643399.94,-1139993.26,Balinka
CHMI_1128,-684920.9,-978188.86,Lužická Nisa
CHMI_1039,-672793.09,-990787.12,Kamenice
CHMI_8090,-753136.41,-976986.47,Labe
PVL_2655,-758289.86,-1185637.73,bez.př. Dlouhého potok
PMO_JPTMo003,-640355.17,-1130485.33,Oslava
PLA_110,-622626,-1021877,Úpa
POH_15393,-726534,-938962,Rožanský potok
ZVHS_111-026,-646282.05,-1003351.09,Malé Labe
PLA_330,-655724,-1013431,Javorka
PMO_DPPDy004,-659457.23,-1187500.96,Dyje
CHMI_3969,-889052.5,-1027709.74,Odrava
ZVHS_502-002,-610493.3,-1200048.9,Polní p.
POH_1109,-747741,-965491,Jílovský potok
PVL_2205,-858501.66,-1108972.57,Rybniční potok
POH_1612,-872853,-995159,Svatava
PVL_3260,-738018.75,-1119889.28,Lužnice
ZVHS_506-022,-545675,-1128008.9,Týnečka
CHMI_3730,-776244.2,-1062265.8,Litavka
POD_5008,-498816.2,-1123422.3,Jeseník nad Odrou -ústí
PLA_162,-676280.5,-973567.2,Kamenice
ZVHS_206-033,-699117.1,-1087407.8,Ostrovský
ZVHS_205-020,-854784.4,-1097922.5,Zahořanský p.
CHMI_1072,-822419.52,-1069289.06,Mže
ZVHS_203-023,-743133.08,-1182214.61,Žárský p.
PLA_160,-661337.7,-992719,Jizerka
POH_1479,-809379,-1010739,Leska
REF_114,-550757.74,-1204818.72,Sudoměřický potok
ZVHS_102-006,-614602.1,-1083117,Říkovický p.
ZVHS_209-003,-839641.9,-1116915.5,Strážovský p.
PVL_2023,-849927.53,-1088858.51,Radbuza
POH_1085,-782181,-986451,Bílina
ZVHS_503-004,-550710.7,-1194596.4,Syrovínka
PLA_170,-700388,-1005762.7,Kněžmostka
POD_5317,-465302.3,-1122294.5,Baštice
REF_111,-680226.85,-962298.28,Štolpich
CHMI_1093,-782937.26,-1043589.15,Rakovnický potok
CHMI_3684,-550306.86,-1197509.14,Velička
PVL_2509,-801261.12,-1172469.01,Studená Vltava
ZVHS_501-006,-610013.4,-1150802.9,Bílý p.
PLA_329,-648557,-1028030,Bystřice
ZVHS_302-027,-876478.4,-1019329.4,bezejmenný p.(Kamenný p.)
ZVHS_210-066,-704589.65,-1114676.18,Trnava
ZVHS_307-001,-809279.4,-1010283.9,Leska (Leskovský p.)
POH_1193,-790684,-969954,Radní potok
REF_035,-830576.86,-1049840.9,Bělá
POD_5103,-521200.9,-1076812.2,Opava
ZVHS_201-046,-726071.3,-1076525.2,Okrouhlický
CHMI_1048,-755311.14,-1170676.59,Malše
ZVHS_210-026,-713533.6,-1112398.72,Trnava
PVL_2541,-755442.77,-1164636.24,Dobrovodský potok
ZVHS_207-065,-709992.77,-1148204.01,Kamenice
PVL_8954,-824924.93,-1141065.38,Křemelná
CHMI_4006,-782195.41,-1007066.76,Ohře
ZVHS_516-013,-632626,-1135040.2,Libochovka
PVL_3221,-845868.15,-1122591.02,Zelenský potok
ZVHS_504-041,-683116.25,-1157034.48,Myslůvka
ZVHS_507-013,-553884.3,-1138572.5,Vřesůvka
ZVHS_207-032,-704408.8,-1146401.61,Žirovnice
CHMI_5029,-727111.77,-1072298.21,Benešovský potok
REF_061,-735507.18,-959904.77,Chřibská Kamenice
ZVHS_402-024,-489222.4,-1116813.9,Bartošovický potok
ZVHS_212-023,-829336.8,-1030055.3,Velká Trasovka (Malá Střela)
PMO_JPPTP018,-680992.09,-1145550.35,Třešťský potok
ZVHS_109-041,-685814.17,-1029942.34,Smíchovský potok
ZVHS_210-056,-703686.8,-1097207,Sedlický
ZVHS_109-031,-701857.2,-1020458.9,Dobrovka
CHMI_3784,-467444.2,-1120714.35,Ostravice
PMO_DPPJv015,-631714.92,-1189288.26,Jevišovka
PVL_2064,-704595.64,-1114655.62,Trnava
PMO_KPTKo002,-554502.38,-1175045.2,Kyjovka
CHMI_3967,-888363.27,-1028931.37,Mohelský potok
CHMI_3456,-755948.65,-999822.07,Ohře
PMO_XPPSk017,-546658.52,-1112500.58,Sitka (Huzovka)
PLA_136,-631309.6,-1076336,Novohradka
CHMI_1212,-868784.05,-1014389.18,Ohře
CHMI_1113,-850043.55,-1010605.73,Teplá
POD_5574,-453997.7,-1133374.7,Morávka
ZVHS_206-011,-662905.2,-1101593.1,Břevnický
REF_016,-587045.94,-1126098.52,Bělá
ZVHS_104-025,-688206.5,-1048733.3,Bačovka
CHMI_1006,-641348.66,-1041963.78,Labe
PVL_2926,-787503.16,-1153005.31,Blanice
ZVHS_104-053,-712404,-1037480.9,Kounický p.
PMO_JPPOs014,-638929.4,-1137283.48,Oslava
ZVHS_206-038,-661231.83,-1117330.67,Šlapanka
CHMI_1034,-672849.98,-990986.73,Jizera
PVL_3364,-780660.94,-1035812.52,Klíčava
PVL_2620,-707257.97,-1135625.71,Kamenice (př.Nežárky)
PLA_338,-636673,-1095402,Chrudimka
ZVHS_204-043,-788371,-1186362,Ostřice
ZVHS_220-048,-855363,-1070663,Výrovský potok
REF_023,-824249.99,-1146715.86,Vydra
CHMI_3458,-888177.07,-1006444.62,Plesná
ZVHS_107-009,-628016.2,-1032019.7,Jasenná p.
CHMI_1194,-611446.02,-1197943.83,Dyje
PLA_169,-701331.1,-1003705.9,Bělá
CHMI_1075,-824049.24,-1072826.81,Radbuza
CHMI_7033,-776799.4,-1126764.54,Otava
POH_1060,-718175,-980999,Svitavka
CHMI_3554,-544786.83,-1148698.28,Morava
POH_1077,-794039,-983974,Bílina
PVL_2752,-713998.89,-1150559.6,Nežárka
PVL_3376,-796043.66,-1049443.3,Javornice
ZVHS_110-034,-617322.61,-1036402.36,Dědina
ZVHS_511-031,-642649.01,-1153974.69,Mlýnský potok
ZVHS_402-053,-493153.81,-1116437.38,Husí potok
CHMI_1018,-760515.09,-978888.96,Labe
PMO_DPNDY020,-659018.85,-1186147.46,Dyje
CHMI_1143,-499165.6,-1083115.66,Opava
PVL_2659,-756452.29,-1183420.23,Podhorský potok(př.Malše)
ZVHS_102-044,-655850.4,-1093452.5,Cerhovka
ZVHS_103-012,-662761.8,-1036509.7,Kralický p.
REF_118,-516792.61,-1078049.35,Tetřevský potok
CHMI_1135,-539494.89,-1155021.84,Morava
ZVHS_212-030,-810513,-1058177,Třemošná
ZVHS_303N001,-823068.2,-1010766.3,Dubá I
PVL_2964,-776818.84,-1104731.96,Skalice
ZVHS_203-040,-777648,-1158649.8,Rapačovský p.
CHMI_3670,-543194.85,-1141723.67,Bečva
POH_1530,-880498,-1017196,Plesná
ZVHS_206-042,-675891.62,-1089183,Radinovka
REF_134,-498833.3,-1146109.9,Vsetínská Bečva
PVL_2627,-757693.37,-1192493.49,Stradovský potok
CHMI_1193,-620123.5,-1208840.21,Dyje
PMO_YPPRu023,-524066.96,-1150924.23,Rusava
ZVHS_211-056,-779591.33,-1099484.06,Skalice
PMO_YPPHL017,-566720.99,-1134157.35,Hloučela
PMO_DPTLa001,-698862.59,-1167315.63,Pstruhovec
PVL_2963,-779524.6,-1100362.76,Skalice
PVL_3336,-680923.24,-1099368.33,Pstružný potok(př.Sázavy)
ZVHS_305-013,-745998.7,-997427,Obrtka
CHMI_7025,-767141.81,-1093306.22,Vltava
ZVHS_201-001,-705077,-1091295.3,Pekelský
ZVHS_216-024,-799781,-1044753,Šípský potok
CHMI_3615,-455741.9,-1114768.3,Stonávka
CHMI_3288,-798180.42,-1126721.21,Otava
CHMI_0105,-737835.92,-1017755.34,Vltava
PVL_3227,-836570.48,-1101676.35,Poleňka
PLA_333,-658400,-1060438,Struha (Zlatotok)
POH_1142,-841291,-1019905,Lomnický potok
PMO_SPTBs001,-588141.53,-1128509.24,Bělá
ZVHS_104-071,-680868.71,-1074795.33,Klejnárka
ZVHS_401-056,-553622.7,-1032018.5,Červený p.
CHMI_3758,-581600.71,-1218793.77,Dyje
ZVHS_304-011,-842039.3,-1001845.2,Borecký p.
ZVHS_403-061,-476143.92,-1103363.21,Porubka
PLA_88,-669608.9,-972701.2,Hutní potok
ZVHS_111N011,-633348,-1019801,Vlčkovický p.
REF_031,-814449.09,-1156017.91,Teplá Vltava
ZVHS_205-012,-857408.8,-1088851,Křakovský p.
ZVHS_216-025,-796146,-1033624,Rakovnický potok
POH_1478,-809365,-1010718,Dolánecký potok
CHMI_3923,-755432.54,-1187775.79,Malše
ZVHS_402-023,-488000.3,-1123474.6,Mlýnský p. (DVT87)
ZVHS_112-014,-617856.6,-1065000.7,Teplický p.
ZVHS_203N011,-780357.4,-1158677.9,Melhutka
POD_5504,-506363.4,-1049564.9,Studnice - státní hranice
ZVHS_217-010,-808862.8,-1097123.8,Čížkovský p.
CHMI_4010,-537319.07,-1138579.83,Bečva
POH_203701,-792276,-968571,Flájský potok
CHMI_4014,-593088.01,-1156140,Svitava
CHMI_1196,-577343.36,-1216315.98,Kyjovka
ZVHS_506-016,-531392.9,-1102123.4,Důlní p.
ZVHS_204-010,-768503,-1203098,Rybnický p.
CHMI_1022,-632127.19,-1026965.26,Úpa
ZVHS_108-012,-650612.7,-1059425.8,Brozanský p.
PLA_214,-638227.6,-1097745.6,Krejcarský potok
CHMI_1040,-773487.84,-1202860.87,Vltava
CHMI_4013,-612245.03,-1200088,Dyje
ZVHS_206-012,-664758.9,-1106674.5,Břevnický
PLA_303,-680373.9,-975073.6,Bílá Nisa Rýnovická
CHMI_7227,-756740.64,-1157735.7,Vltava
PVL_2803,-822531.5,-1129934.18,Volšovka
ZVHS_516-019,-639353.32,-1123394.91,Bohdalovský p.
CHMI_5038,-747934.65,-1062319.01,Bojovský potok
CHMI_1126,-745984.94,-968304.59,Ploučnice
CHMI_7137,-735762.3,-1145654.62,Nežárka
PLA_106,-632838,-1000091,Úpa
PVL_3062,-855735.34,-1070263.26,Výrovský potok (př.Úhlavky)
POH_1134,-850648,-1017097,Lomnický potok
PVL_2507,-799171.28,-1169532.47,Volarský potok (př.Vltavy)
CHMI_3167,-703526.23,-1035095.97,Vlkava
ZVHS_212-009,-820250.4,-1061545.5,Třemošná
ZVHS_210-037,-712437,-1122791.1,Vintířovský
CHMI_1176,-613827.6,-1119161.14,Svratka
ZVHS_502-034,-606159.5,-1174941.1,Šatava
CHMI_3013,-697445.84,-1038409.15,Labe
REF_025,-807855.7,-1160402.91,Kubohuťský potok
PLA_179,-681740.6,-959313.6,Lomnice
ZVHS_109-040,-685808.23,-1029948.94,Štítarský potok
PLA_101,-651861.6,-990040.3,Labe
ZVHS_301-012,-734957.7,-982558.2,Bobří p.
REF_086,-502468.15,-1099511.75,Moravice
ZVHS_509-024,-595504.9,-1130440.6,Úmoří
ZVHS_204-036,-769869.9,-1170604.4,Chmelenský p.
PLA_105,-643514,-1009104,Kalenský potok
PMO_BPTKa003,-478637.33,-1155281.86,Stanovnice (Velká Stanovnice)
PLA_103,-644185.7,-1004796.4,Čistá
REF_108,-703766.28,-1097218,Sedlický potok
ZVHS_216-002,-801253.6,-1045304.3,Javornice
REF_122,-571183.36,-1104711.34,Třebůvka
PVL_5013,-653825.81,-1112370.79,Losenický potok(př.Sázavy)
CHMI_3688,-603082.73,-1156859.04,Svratka
PVL_2804,-818953.77,-1126303.34,Ostružná
CHMI_7154,-777952.86,-1080392.55,Příbramský potok
PVL_5014,-658796.27,-1108500.67,Borovský potok(př.Sázavy)
REF_037,-724381.19,-1111305.36,Blanice
REF_073,-552775.01,-1170545.02,Litava
CHMI_3398,-810446.03,-1063188.96,Berounka
PVL_2517,-769612.41,-1192143.86,Vltava
ZVHS_215-020,-747225.8,-1083349,Křečovický
CHMI_3604,-470232.32,-1108759.32,Ostravice
REF_077,-749087.38,-1128594.18,Lužnice
CHMI_3913,-884759.74,-1070249.21,Hraniční potok
CHMI_1167,-552131.18,-1107067.29,Oskava
PMO_YPPHa009,-569178.19,-1154050.14,Haná
ZVHS_209-007,-834026,-1110909.1,Drnový p.
ZVHS_210-004,-699202.18,-1123620.71,Hejlovka
ZVHS_217-037,-804705.1,-1059347.8,Radnický p.
REF_029,-802786.01,-1146068.52,Volyňka
ZVHS_401-064,-552922.97,-1032523.9,Lánský potok
PVL_2962,-782941.69,-1098145.38,Skalice
ZVHS_219-065,-736865.93,-1144711.34,Bechyňský potok
ZVHS_203-049,-756626.7,-1160228.9,Kyselá voda
ZVHS_208-030,-749319.05,-1025105.7,Knovízský potok
REF_041,-544396.32,-1037916.88,Černý potok
CHMI_3664,-496857.86,-1142349.39,Vsetínská Bečva
ZVHS_205-033,-837712.4,-1088978.1,Biřkovský p.
PVL_2535,-754791.67,-1143039.28,Vltava
REF_127,-496453.58,-1187345,Vlára
POH_1114,-728461,-979286,Robečský potok
CHMI_3485,-902736.29,-992691.1,Rokytnice
PLA_325,-606517.2,-1043115.6,Bělá
PMO_SPPBo032,-617265.1,-1136481.53,Bobrůvka (Loučka)
REF_044,-610701.09,-1038318.18,Dědina
POD_5027,-460656.3,-1100051.9,Stružka (Vrbická)
CHMI_1010,-681135.68,-1058374.6,Labe
CHMI_1068,-871774.72,-1056372.87,Mže
POH_1558,-844098,-1003204,Jáchymovský potok
PVL_2125,-785386.61,-1204722.23,Mlýnský potok(hraniční-HV)
PLA_314,-619450,-1023798,Vysokovský potok
ZVHS_205-019,-854202.1,-1104338.7,Záhořanský p.
REF_048,-644377.78,-1192323.47,Gránický potok
PLA_112,-609998.4,-1010949.1,Metuje
PMO_YPPHa019,-557578.13,-1150491.61,Haná
CHMI_3531,-686700.6,-945201.05,Smědá (Witka)
ZVHS_507-009,-570763.4,-1125017.2,Romže (Valová)
CHMI_3742,-684133.29,-1176740.82,Moravská  Dyje
REF_033,-806323.3,-1165012.9,Teplá Vltava
ZVHS_515-033,-653769.36,-1177991.18,Ctidružický potok 0.8 - 11.7
ZVHS_106-042,-725135.5,-1028376.5,Hlavnovský p.
REF_015,-610295.22,-1013495.45,Židovka
POH_10184,-810167,-1022534,Blšanka
POD_5572,-466306.8,-1133464.1,Ostravice
PLA_140,-654924.8,-1097334.6,Doubrava
CHMI_1110,-879667.71,-1020526.78,Odrava
CHMI_3796,-640895.53,-1041578.13,Piletický potok
CHMI_3955,-668966.46,-1178510.94,Želetavka
PVL_3037,-875886.08,-1045171.44,Hamerský potok(př.Mže)
REF_007,-603740.63,-1187094.5,Jihlava
PVL_3228,-833537.44,-1099630.47,Točnický potok
CHMI_1197,-612943.23,-1200640.25,Jevišovka
ZVHS_104-082,-700053.68,-1052973.68,Blinka
CHMI_3252,-726801.06,-1177829.06,Lužnice
PVL_8963,-766645.34,-1093068.68,Líšnický potok(př.Vltavy)
ZVHS_304-003,-859417.3,-996823,LP Rolavy
PVL_3134,-839105.75,-1079482.22,Merklínka
ZVHS_103-004,-664523.4,-1013081,Tužínský p.
PLA_93,-689289.7,-1070320.9,Švadlenka
PVL_2066,-729420.18,-1070409.61,Mokřanský potok(př.Sázavy)
PLA_172,-729489.4,-1029129.5,Mratínský potok
ZVHS_108-044,-675912.5,-1061305.7,Čertovka
ZVHS_504-045,-676773.76,-1133562.75,Trestský potok
PLA_243,-725818.1,-1034726.9,Vinořský potok
CHMI_5025,-729708,-1045514.93,Rokytka
ZVHS_219-010,-733900.9,-1138822.6,Dírenský p.
ZVHS_104-073,-689427.35,-1048161.53,Bačovka
ZVHS_219-068,-752414.87,-1117501.21,Milevský potok
ZVHS_403-002,-476998.6,-1108718.3,Starobělský p.
ZVHS_506-010,-547692.4,-1110844.9,Řičí p.
CHMI_5027,-714556.45,-1068863.26,Jevanský potok
POH_15373,-803948.9,-996318.9,Chomutovka
ZVHS_206-003,-653855.1,-1112354.5,Losenický
POH_10102,-826712,-982261,Přísecnický potok
POH_1083,-787357,-989288,Srpina
ZVHS_512-026,-520212.03,-1203731.25,Klanečnice
CHMI_1066,-710839.2,-1080802,Blanice
CHMI_1050,-755519.88,-1134909.7,Lužnice
ZVHS_506-039,-543759.29,-1133839.34,Loučka
PVL_2038,-778481.76,-1058833.9,Stroupínský potok
PVL_2953,-780007.64,-1111430.86,Lomnice
CHMI_4200,-695300,-1111071,Želivka
ZVHS_514-014,-499302.49,-1184151,Vlára
PMO_JPTMo002,-640311.83,-1130562.64,Oslava
ZVHS_104-077,-687072.55,-1060123.99,Nebovidský potok
ZVHS_402-025,-490956,-1116372,Pustějovský p.
REF_081,-759798.86,-1196504.97,Malše
PMO_ZPPLP017,-512725.81,-1177020.41,Luhačovický potok
ZVHS_216N005,-792485.6,-1031032,Olešná
CHMI_1159,-493799.67,-1118778.3,Odra
CHMI_1116,-797044.12,-1009599.19,Blšanka
ZVHS_219-028,-729840.6,-1121063.7,Chotovinský p.
CHMI_1144,-494187.27,-1088683.89,Opava
ZVHS_517-020,-560396.7,-1151304.5,Pustiměřský p.
PLA_92,-651258.3,-1081026.8,Chrudimka
ZVHS_403-054,-463449.1,-1092936.6,Lutyňka
ZVHS_103N009,-663093.8,-1013756.1,Studénka
PMO_SPPRi002,-590657.07,-1170667.63,Říčka (Zlatý potok)
CHMI_3797,-646141.1,-1063556.49,Chrudimka
PVL_3102,-858105.02,-1088997.72,Radbuza
ZVHS_215-004,-761470.7,-1088307.1,Vápenický
PLA_65,-664296.6,-977666.5,Jizera
PMO_JPPJi012,-658859.06,-1137213.06,Jihlava
PVL_2967,-770791.4,-1139140.47,Blanice
CHMI_3500,-710395.86,-979507.71,Ploučnice
PMO_XPPBr022,-578487.41,-1072393.39,Březná
CHMI_3558,-495083.05,-1188609.54,Vlára
ZVHS_110-035,-620663.33,-1038330.72,Zlatý potok
ZVHS_208-003,-757377.6,-1037418.8,Sulovický
PVL_2196,-776512.69,-1058457.66,Litavka
CHMI_1124,-772362.3,-979915.22,Teplický potok
PVL_2656,-757848.84,-1185651.39,Dlouhý potok (př.Malše)
CHMI_1003,-641348.03,-1015760.91,Labe
CHMI_3906,-858773,-1110438.78,Rybniční potok
ZVHS_509N003,-584362.1,-1093125.8,Třebářovský p.
REF_021,-819759.33,-1125495.84,Ostružná
PLA_189,-640736.7,-1094700.5,Chrudimka
ZVHS_507-006,-555717.99,-1121031.97,Blata
ZVHS_302-033,-869766.4,-1000330.2,Novoveský p.
ZVHS_205-030,-843926.7,-1079828.5,Hořina
CHMI_1114,-841746.77,-1004075.92,Bystřice
ZVHS_104-056,-722154.4,-1043420.1,Šestajovický p.
ZVHS_214-008,-800118.7,-1144182,Nahořanský p.
ZVHS_513-007,-484645.8,-1142661,Hážovka
CHMI_1077,-846147.13,-1115818.32,Úhlava
PMO_DPPMy001,-683181.16,-1156965.62,Myslůvka
PVL_3362,-764421.47,-1044044.63,Loděnice (Kačák)
PVL_3229,-831122.17,-1097913.19,Třebýcinka
PVL_3510,-806294.46,-1072247.33,Holoubkovský potok
POH_1057,-707255,-979597,Mlýnský náhon
CHMI_8040,-761347.41,-989623.74,Labe
PVL_6100,-824181.42,-1072805.81,Radbuza
ZVHS_307-022,-775573.5,-1011325.7,Débeřský p.
PMO_XPPBy025,-535090.51,-1115355.4,Bystřice
ZVHS_514-005,-517295.1,-1160007.1,Lukovský p.
CHMI_1202,-642604.13,-1154197.22,Jihlava
CHMI_1165,-480019.91,-1111953.91,Lubina
ZVHS_505-005,-522729.4,-1141219.4,Moštěnka
CHMI_3763,-583705.35,-1193385.54,Trkmanka
ZVHS_205-040,-859294,-1088811,Radbuza
CHMI_1100,-851956.37,-1011096.57,Ohře
PLA_86,-670712.3,-972013.2,Bílá Desná
ZVHS_207-019,-734887.7,-1155642.9,Miletínský p.
ZVHS_303-008,-786535.5,-994659.9,Zaječický p.
POD_5553,-464598.1,-1099254.3,Stružka
CHMI_1037,-706067.68,-1013298.54,Jizera
PVL_2544,-755611.49,-1146222.12,Strouha
PVL_2720,-756270.49,-1110243.6,Milevský potok(př.Smutné)
ZVHS_515-012,-631266,-1203224.1,Daníž
CHMI_1070,-848564.3,-1065124.87,Mže
REF_113,-752343.35,-1178187.43,Stropnice
ZVHS_201-017,-717607.9,-1089991.9,Holčovický
ZVHS_206-021,-673330.1,-1104332.3,Perlový
ZVHS_307-011,-788770.5,-1016368.9,Hasina
REF_125,-526961.21,-1203857.72,Velička
PVL_3407,-811473.2,-1058289.02,Třemošná
ZVHS_218-014,-799454,-1124757.9,Březový p.
POD_5203,-529253.7,-1086436,Moravice
ZVHS_503-026,-534378.24,-1204248.46,Velička
ZVHS_102N011,-643361.1,-1092335.1,Vítanec
ZVHS_105-025,-684151.33,-956756.85,Řasnice
ZVHS_217-049,-806557,-1072188,Holoubkovský potok
CHMI_1122,-771946.24,-980718.62,Bílina
ZVHS_205N004,-854513.7,-1102315,Záhořanský p.
CHMI_1012,-730964.1,-1027831.51,Labe
PVL_2518,-770855.8,-1184496.45,Vltava
ZVHS_511-034,-651122.61,-1165849.76,Štěpánovický potok
CHMI_1187,-613838.51,-1171676.32,Jihlava
ZVHS_213-019,-731758.5,-1044423.44,Rokytka
PVL_2738,-736253.06,-1144442.67,Bechyňský potok
ZVHS_217-005,-813234.6,-1098892.3,Úslava
CHMI_1119,-796990.14,-985783.94,Bílina
ZVHS_402-016,-501110.3,-1112987.1,Husí p.
ZVHS_210-069,-702629,-1098673.6,Čechtický potok
POH_1051,-699786,-980266,Ploučnice
ZVHS_210-005,-699457,-1123145.4,Cerekvický
ZVHS_210-029,-713418.6,-1112047,Barborka
ZVHS_220-039,-881909.9,-1073726.9,Kateřinský p.
REF_129,-765401.56,-1179672.19,Vltava
ZVHS_403-063,-470936.61,-1112054,Olešná
ZVHS_508-007,-522382,-1130832,Hlásanec
PLA_306,-680064.3,-977480,Bramberský potok
ZVHS_301-003,-706926.6,-978010.9,Dubnický p.
CHMI_3145,-661658.67,-1043523.89,Bystřice
ZVHS_207-030,-698177.8,-1143675.4,Počátecký p.
PVL_2672,-735618.04,-1188120.58,Stropnice
PVL_3122,-861553.53,-1098912.92,Zubřina
ZVHS_302-026,-876947,-1019063,Libocký p.
CHMI_1138,-543347.78,-1186207.31,Morava
PVL_2156,-789682.63,-1154215.18,Blanice (př.Otavy)
ZVHS_108-059,-650862.57,-1061038.64,Bylanka
CHMI_5056,-761698.96,-1091246.72,Vltava
ZVHS_215-011,-751514.8,-1084298,Musík
CHMI_3971,-743121.1,-1205790.19,Lužnice
PMO_KPPKY013,-569942.87,-1206803.7,Kyjovka
PLA_141,-663107.5,-1083643.3,Doubrava
POH_15378,-875284,-1017976,Ohře
PVL_3371,-822618.88,-1061276.78,Bělá
ZVHS_209-010,-841731.4,-1102449.3,Poleňka
PVL_0700,-701537.15,-1096098.9,Sedlický potok
PVL_2753,-716202.93,-1155973.52,Nežárka
PMO_XPPMe016,-558418.24,-1074465.53,Merta
PVL_2603,-757365.01,-1192501.94,Malše
PVL_2671,-737389.95,-1189973.86,Stropnice
POD_5591,-558725.7,-1027030.1,Bílá Voda
CHMI_5018,-678266.32,-1098149.85,Sázavka
ZVHS_401-013,-512618.3,-1079585.6,Hořina
PLA_83,-677718.8,-971568.6,Hluboký potok
ZVHS_511-029,-651445.09,-1153124.83,Stařečský potok
POD_5009,-491642.2,-1127262.4,Jičínka
PVL_5043,-758308.61,-1031541.94,Dřetovický potok
PMO_ZPTBj002,-508503.9,-1184998.18,Kolelač
POD_5550,-480889.7,-1091615.2,Opusta
ZVHS_202-021,-776324,-1062524,Litavka
PVL_3109,-825467.96,-1074185.27,Radbuza
ZVHS_403-024,-470258.1,-1124266,Palkovský
ZVHS_401-015,-506066.4,-1083859.9,Herlička
PLA_173,-730887.6,-1023387.5,Košátecký potok
PLA_340,-637449,-1096393,Chrudimka
PLA_178,-680175.3,-960747.9,Smědá
POH_1712,-859621,-996733,Rudný potok
ZVHS_210-042,-704567.48,-1114732.83,Kejtovský
ZVHS_201-022,-714386.3,-1077215.1,Křečický
CHMI_3502,-712791.16,-983400.23,Ploučnice
REF_067,-549550.04,-1172256.95,Kyjovka
POH_1264,-732608,-1015965,Pšovka
ZVHS_219-016,-732323.2,-1135654.7,Černovický p.
ZVHS_515-046,-668052.05,-1178803.25,Dešovský p.
ZVHS_111-017,-631974.6,-1024130.9,Běluňka
PVL_3023,-878716.07,-1054890.2,Lužní potok
PVL_3232,-841081.32,-1112477.38,Jelenka
PVL_3380,-844730.92,-1082031.07,Radbuza
REF_120,-471300.33,-1154162.37,Tísňavský potok
CHMI_1199,-598563.62,-1172047.46,Svratka
ZVHS_218-017,-796450.5,-1127546.3,Krtský p.
PMO_BPPBe014,-527427.81,-1132870.94,Bečva
CHMI_5019,-734250.79,-1050406.51,Botič
PMO_KPPVc010,-585580.88,-1209870.19,Včelínek
ZVHS_516-010,-631953.6,-1124910.5,Bobrůvka
CHMI_3546,-570212.37,-1079130.69,Morava
CHMI_1055,-789063.03,-1128603.82,Otava
CHMI_5045,-743366.01,-1035120.2,Unětický potok
PVL_1076,-821935.89,-1069918.87,Radbuza
ZVHS_304-006,-855701.7,-1029840.6,Otročínský p.
PMO_ZPPDR025,-543895.41,-1184964.67,Dlouhá řeka
PLA_184,-623237.1,-1069454.7,Loučná
POH_1557,-851507,-1014607,Teplá
PMO_ZPPKD014,-536131.29,-1175376.91,Kudlovický potok
CHMI_1191,-643403.96,-1193907.9,Dyje
PVL_2654,-757932.74,-1184418.3,bez.př. Malše
PMO_XPPOl012,-536205.91,-1132370.65,Olešnice (Kokorka)
PVL_3114,-828095.99,-1076878.3,Radbuza
PLA_131,-643551.2,-1093500.1,Chrudimka
ZVHS_508-008,-526645.5,-1131885.3,Trnávka
ZVHS_106-005,-684260,-995780,Libuňka
POH_1102,-894199,-1020124,Ohře
PLA_300,-651221.1,-983654.3,Medvědí ručej
CHMI_3770,-541936.7,-1121968.87,Bystřice
ZVHS_104-010,-689528.8,-1072599.6,Vrchlice
CHMI_1054,-803099.53,-1123000.34,Otava
ZVHS_504-043,-692957.83,-1171046.39,Slavonický potok
CHMI_7044,-877697.71,-1054562.57,Mže
CHMI_3911,-845423.31,-1136617.82,Řezná
ZVHS_103N033,-647993.6,-1032314.3,LP č.5 Bystřice
PVL_8003,-802441.38,-1145590.12,Spůlka
PMO_JPPJi019,-674368.79,-1127904.47,Jihlava
ZVHS_220-046,-859372,-1055034,Kosový potok
CHMI_1096,-748792.12,-1025090.32,Zákolanský potok
ZVHS_220-008,-866681.1,-1046703.3,Planský p.
PVL_5011,-673411.15,-1104263.29,Perlový potok(př.Sázavy)
CHMI_3472,-834051.12,-983322.01,Polava
PLA_159,-716440,-1043042,Výmola
REF_032,-793768.93,-1162987.87,Černý potok
ZVHS_215-014,-742840.1,-1100269,Sedlecký
ZVHS_102-045,-658525.9,-1089437.1,Blatnický p.
CHMI_1008,-644368.12,-1054814.88,Labe
PVL_3607,-824172.83,-1030193.68,Střela
CHMI_3136,-666238.28,-1042344.45,Cidlina
PMO_ZPPRa026,-553016.1,-1200878.75,Radějovka
PMO_ZPTSl002,-512184.66,-1158979.99,Dřevnice
PMO_YPPBd020,-562837.03,-1143180.39,Brodečka (Drahanský potok)
PVL_2725,-751983.64,-1117225.97,Smutná
ZVHS_102-071,-667750.94,-1083856.79,Babský potok
CHMI_5032,-734905.24,-1073177.37,Janovický potok
ZVHS_403-020,-472135.6,-1098073.4,Ludgeřovický p.
ZVHS_510-021,-565570.3,-1097793.4,Rohelnice
PLA_98,-688335.5,-1070187.2,Vrchlice
CHMI_5047,-753791.04,-1020009.71,Červený potok
PMO_SPPKr010,-601282.15,-1118614.29,Křetínka
ZVHS_205-004,-868318.3,-1081646.3,Skařezský p.
CHMI_3056,-596358.86,-1009300.48,Stěnava
PVL_3312,-647538.52,-1114237.35,Sázava
ZVHS_501-042,-615159.44,-1160222.43,Bobrava
ZVHS_108-034,-674262.8,-1056133.8,Černá strouha
ZVHS_502-006,-578018.1,-1186599.7,Spálený p.
ZVHS_220-037,-839039.4,-1061075.9,Žebrácký p.
PVL_2153,-720737.33,-1173221.74,Vodoteč I-hraniční tok
ZVHS_207-069,-707723.26,-1137528.91,Včelnička
ZVHS_220-012,-869390.4,-1036765.3,Blatnice
